content,times,title
"为加强党史学习教育,传承红色基因,增强教师责任意识,激发广大教职工的家国情怀和爱国热情,月,日下午,工商管理学院组织全体教师观看了爱国主义电影,悬崖之上,悬崖之上,是由张艺谋导演最新上影的谍战片,主要讲述了在上世纪,年代,四位共产党特工执行,乌特拉,秘密营救任务的惊险故事,影片致敬了隐秘战线的革命英雄,唤起了老师们对风起云涌革命年代的记忆,激发了学院教职工对革命前辈的崇敬之情,观影后,学院教师最大的感受就是新中国发展历尽千辛万苦,纷纷表示,在今后的工作与学习中,要立足岗位,落实立德树人根本任务,肩负新时代责任与使命,以优异成绩庆祝建党,周年",2021/6/4,工商管理学院组织开展《悬崖之上》观影活动
"为提升工作室成员科研能力水平,进一步激发辅导员老师参与论文撰写,课题申报的热情,月,日上午,刘瑶青工作室邀请科研达人高斌做科研专题讲座,高老师提到辅导员做科研是辅导员成长和发展的要求,是辅导员工作有效开展的需要,辅导员老师们一定要沉下心来扎扎实实把科研做好,他首先对论文如何撰写作了具体介绍,通过看文献,看著作,听学术报告等渠道,重点向老师们传授了,写文章要紧跟热点,的写作要领,随后,高老师结合自身课题申报经历,提出,早,舍,新,深,改,五字口诀,申报课题需要早知道,有所为有所不为,选题新视角新,内容深逻辑深,不停改反复改,最后,在一阵热烈的掌声中,本次讲座落下帷幕,本次科研讲座拓展了工作室成员在科研方面的视野,明晰了论文撰写和课题申报的具体要求,提升了辅导员老师的科研素养,对今后论文,课题写作有着重要的指导意义",2021/6/1,刘瑶青工作室成功举办“女大学生成长”系列讲座
"月,日上午,由中共济南市委,济南市人民政府主办,山东人才发展集团,济南高新技术产业开发区管委会承办,山东大学,山东女子学院等单位协办的,中国,济南,人力资本产业发展大会在济南高新区隆重举行,我校党委书记郭翠芬出席大会开幕式,并参加了主题大会与与会贵宾进行了深入交流,本届大会得到了国家各部委的高度重视,吸引了政府领域,行业专家的参与,主题大会上,科学技术部原副部长吴忠泽,国家发改委原秘书长,国家人力资源开发研究会会长李朴民,济南市委常委,济南高新技术产业开发区管委会主任王宏志等领导分别致辞,中国人民大学财政金融学院教授,信用管理学科带头人吴晶妹,中国宏观经济研究院教授常修泽,中国人民大学教授,华夏基石集团董事长彭剑锋,中国人力资源开发研究会智能分会会长,百度公司原副总裁,百度云原董事长刘辉等分别从不同视角,阐述了人力资本产业的价值与未来发展趋势,下午,同步举行了五大分论坛,我校承办的,人力资本助力产教融合,实现地方经济发展,第三个主题论坛暨,泰山科技论坛举行,中国国际商会商业行业商会会长,全国现代服务业职业教育集团理事长曾亚非,山东大学经济研究院副院长孙涛等国内二十多所高校和企业的专家学者以及,名代表出席此次论坛,我校副校长刘恩允,工商管理学院,旅游学院,科研处等部门的师生代表参加了论坛,开幕式由工商管理学院副院长李仕超主持,论坛开幕式上,刘恩允副校长发表致辞并对参会嘉宾,学者以及与会代表表示热烈欢迎,刘校长介绍了山东女子学院的基本情况,阐述了学校浓厚的人力资本产业发展的学科基础和学术氛围,最后祝此次论坛圆满成功,我校工商管理学院张可成院长做了,应用型本科高校人力资本服务人才培养,的主题演讲,提出大学生就业与创业是当下高校培养人才的首要问题,要围绕企业需求,产教融合,对准企业设专业,对准岗位设课程,对准实践抓教学,对准创业育人才的观点,最后,山东女子学院提议发起了人力资本专业人才培养倡议书,号召更多的高校能够加入进来一起携手同行,以更科学系统的培养方案培养人力资本产业人才",2021/5/24,我校协办2021中国（济南） 人力资本产业发展大会并承办第三主题论坛暨2021泰山科技论坛
"月,日上午,由中共济南市委,济南市人民政府主办,山东人才发展集团,济南高新技术产业开发区管委会承办,山东大学,山东女子学院等单位协办的,中国,济南,人力资本产业发展大会在济南高新区隆重举行,我校党委书记郭翠芬出席大会开幕式,并参加了主题大会与与会贵宾进行了深入交流,本届大会得到了国家各部委的高度重视,吸引了政府领域,行业专家的参与,主题大会上,科学技术部原副部长吴忠泽,国家发改委原秘书长,国家人力资源开发研究会会长李朴民,济南市委常委,济南高新技术产业开发区管委会主任王宏志等领导分别致辞,中国人民大学财政金融学院教授,信用管理学科带头人吴晶妹,中国宏观经济研究院教授常修泽,中国人民大学教授,华夏基石集团董事长彭剑锋,中国人力资源开发研究会智能分会会长,百度公司原副总裁,百度云原董事长刘辉等分别从不同视角,阐述了人力资本产业的价值与未来发展趋势,下午,同步举行了五大分论坛,我校承办的,人力资本助力产教融合,实现地方经济发展,第三个主题论坛暨,泰山科技论坛举行,中国国际商会商业行业商会会长,全国现代服务业职业教育集团理事长曾亚非,山东大学经济研究院副院长孙涛等国内二十多所高校和企业的专家学者以及,名代表出席此次论坛,我校副校长刘恩允,工商管理学院,旅游学院,科研处等部门的师生代表参加了论坛,开幕式由工商管理学院副院长李仕超主持,论坛开幕式上,刘恩允副校长发表致辞并对参会嘉宾,学者以及与会代表表示热烈欢迎,刘校长介绍了山东女子学院的基本情况,阐述了学校浓厚的人力资本产业发展的学科基础和学术氛围,最后祝此次论坛圆满成功,我校工商管理学院张可成院长做了,应用型本科高校人力资本服务人才培养,的主题演讲,提出大学生就业与创业是当下高校培养人才的首要问题,要围绕企业需求,产教融合,对准企业设专业,对准岗位设课程,对准实践抓教学,对准创业育人才的观点,最后,山东女子学院提议发起了人力资本专业人才培养倡议书,号召更多的高校能够加入进来一起携手同行,以更科学系统的培养方案培养人力资本产业人才",2021/5/24,我校协办2021中国（济南）人力资本产业发展大会并承办第三主题论坛暨2021泰山科技论坛
"鸟欲高飞先振翅,人求上进先读书,为推进工商管理学院,五高三低两杜绝,学风建设目标的实现,创造更加浓郁的学习氛围,丰富同学们的精神文化生活,使同学们养成爱读书,好读书和读好书的习惯,我院开启了以,文明树新风,书香伴我行,为主题的书香宿舍一月一评活动,四月,书香宿舍,名单,工商企业管理,号公寓,宿舍,人力资源,本,号公寓,宿舍,工商管理,本,号公寓,宿舍,市场营销,本,号公寓,宿舍,市场营销,校企,专,号公寓,宿舍,市场营销,春季高考,本,号公寓,宿舍,书香宿舍评选活动的开展,潜移默化的营造了宿舍良好的读书氛围,培养了学生良好的纸质书籍阅读习惯,同时弘扬了尊重知识的纸质阅读理念,也更为我院的学风建设工作增砖添瓦",2021/5/6,文明树新风，书香伴我行 ―工商管理学院书香宿舍评选活动开始啦
"月,日下午,工商管理学院组织教师和学生党员开展党史学习教育,专题学习改革开放新时期的历史,本次学习邀请马克思主义学院崔雪莲博士作题为,改革开放,年,的专题辅导报告,报告系统回顾了中国改革开放,多年的发展历程和政治,经济,文化,社会建设,军事,外交等方面取得辉煌成就,深刻阐述了改革开放的经验与启示,对党史学习教育具有十分重要的启迪和指导意义,党员们表示,实践一再证明,改革开放是当代中国发展进步的动力源泉,是党和国家实现中华民族伟大复兴的重要法宝,也是坚持和发展中国特色社会主义的必由之路,这段历史使全体党员更加坚信全面贯彻落实党中央决策部署,坚定不移全面深化改革,扩大对外开放,坚定不移跟党走,充分发挥中国特色社会主义道路,理论,制度,文化优势才能不断解决问题,实现发展",2021/5/6,“学党史 担使命”-工商管理学院举办改革开放新时期党史专题辅导报告会
,2021/4/22,关于李宝华同学进行山东省2021年度选拔录用选调生考察预告
"为扎实推进党史学习教育,学习和发扬党的光荣传统和优良作风,传承红色基因,年,月,日工商管理学院党总支组织全体师生党员,赴济南市章丘区三涧溪村开展,激发基层党建活力,助力美丽乡村建设,主题党日活动,伴随着大家合唱,我和我的祖国,开启了三涧溪村的红色之旅,三涧溪村由三个自然村组成,原本是一个经济空壳村,是一个六年换了六任村党支部书记的党组织薄弱村,现如今,在村党委书记高淑贞的带领下,全村人民正奋力奔跑在乡村振兴的康庄大道上,在三涧溪村党群服务中心,回乡大学生代表为我们介绍了三涧溪村,党建引领,家国天下,共建共享,的治村理念,以群众之心为心,一管到底,四邻联动,的服务体系,以乡村振兴为本,深耕产业,融合发展,的富民实践,三涧溪村党总支引导党员积极参与村级事务,实施,党旗飘飘映四邻,四邻联动党放心,和,亮党员身份,接受群众监督,的经验做法,引发了大家的广泛思考,教师党支部书记朱红祥分享道,三涧溪村坚持以党建引领全面工作,积极发挥党员模范带头作用,扎实实施乡村振兴战略,打造乡村振兴齐鲁样板的先进经验值得我们学习和借鉴,我院将进一步发教师党员的先进性,为广大师生办实事,谋实事,学生党员纪婧怡表示,来到三涧溪村学习后,感受到党员发挥先锋模范作用是责无旁贷的,身为大学生党员,我们应向优秀党员看齐,争取为同学们解决更多实际问题,在三涧溪乡村振兴展馆,讲解员向我们详细讲解了三涧溪村的发展历程和人文文化,深入学习了习总书记考察三涧溪村的指示要求等珍贵资料,活动最后,三涧溪村党总支书记高淑贞向大家介绍了三涧溪村抓基层党建的经验做法,她指出,只要坚持党的领导,发挥党员先进性,以党员先进带动全员先进,大家撸起袖子一起干,就没有干不成的事,通过本次主题党日活动,工商管理学院全体师生党员不仅学习到了三涧溪村艰苦卓绝搞振兴,砥砺前进促发展的宝贵经验,也激励大家,不忘初心,牢记使命,积极发挥基层党组织的战斗堡垒作用,强化责任担当,为进一步传承红色基因汲取宝贵的智慧和力量",2021/4/16,激发基层党建活力，助力美丽乡村建设―工商管理学院师生党员赴济南市章丘区三涧溪村开...
"为扎实推进党史学习教育,加强基层党支部建设,提升党组织建设规范,月,日济南西城实验中学与我院共同举办,基层党组织建设研讨会,济南西城实验中学党委书记王蕾及学校党委委员,支部委员,党小组长等一行,名党员出席会议,工商管理学院党总支书记田莉春,党总支副书记,院长,张可成,教工党支部书记朱红祥,学生党支部书记孔圆圆等出席会议,张可成院长主持会议,会议伊始,田莉春书记与王蕾书记分别介绍了本单位党建工作情况,并就党史学习教育,党建工作与中心工作的融合进行了深度交流,朱红祥教授作为,全国党建工作样板支部培育创建单位,的书记,从,七个有力,的角度就支部建设情况,取得成效等进行了汇报,并就下一阶段计划以及特色与创新进行了阐述,其中,工作法,四日一分享,主题党日活动等创新做法获得与会人员一致认可,与会党员同志还就党建的组织发展工作,科研立项工作,党员教育管理工作等主题进行了研讨",2021/4/16,济南西城实验中学与我院共同举办基层党组织建设研讨会
"近日,我院接连收到来自阳谷县,青驼镇,章丘区等当地组织的感谢信,信中分别对我院学子王佩栋,徐志英,赵欣芳,常慧杰,刘欢欢积极参与当地疫情防控工作提出表扬,并对我院培养出有家国情怀的优秀学子表示感谢,作为新时代青年,我院学子主动放弃寒假休息时间,积极投身大学生返乡实践活动,加入乡镇,社区,村庄疫情防控一线,为疫情防控工作做出自己的贡献,以实际行动践行,感恩家乡,回报社会,的春晖精神,牢记投身强国伟业的殷殷嘱托,向社会展现了勇敢承担,任劳任怨,无私奉献,尽职尽责的女院学子青年形象,奋进新时代,这些优秀的女院学子们用青春和热血诠释了青年一代的理想,使命和担当,为我院广大学生树立了榜样",2021/4/13,勇于担当，青春无悔――我院多名学生参与家乡疫情防控工作受到表扬
"为加强学风建设,不断激发学生学习的积极性和主动性,全面推动,五高三低两杜绝,学风建设目标体系的有效落地和常态化实施,我院特组织开展,年总结表彰暨,年学风建设动员大会,此次大会由工商管理学院辅导员孔圆圆主持,我院党总支书记田莉春,教学副院长秦善勇及部分学生代表参加了此次活动,工作总结及部署,秦院长对,年学风建设工作进行总结并对新学年学风建设做工作部署,重点对,五高三低两杜绝,学风建设目标体系和,六个一,活动进行了解读,他表示,年,我院积极开展,理想,信念,责任,使命,教育,激发学生作为学习主体的内在动力,不断加强素质教育建设,提高学生自主学习能力,增强学生的实践能力和创新意识,促进了学风建设,取得了初步成效,在,年新学期,希望我院学子切实抓好三个阵地,以科研带学风,以考研促学风,以主题活动强学风,以榜样领学风,在新学期的学风建设中能继续秉持良好信念,正学风,强学风,勇创佳绩,年优良学风标兵班级表彰,年优良学风标兵班级,工商管理本,工商管理本,人力资源管理,物流管理,本,以上班级在,年学风建设中争创优先,取得优异成绩,其他班级要以他们为榜样,再接再厉,班级代表做表态发言,学风,是读书之风,是求学之风,更是做人之风,是一所校园的气质和灵魂,也是一所校园的立校之本,班级代表刘晓凤表示,身为女院学生,我们应时刻铭记,坤德含弘,至善尚美,的校训,努力营造良好的校园学习氛围,从我做起,从每个人身边的点滴做起,继续弘扬,淡泊明志,宁静致远,躬耕苦读,鞠躬尽瘁,的刻苦精神和求真务实的作风,用实际行动为我院的学风建设活动作出自己应有的贡献,对,年学风建设做动员讲话,田书记首先对获得表彰的班级表示热烈祝贺,同时她指出大学时代是大学生树立远大志向,锤炼作风品格,系统学习知识,投身创新实践的最佳时期,同学们要在奋斗中释放青春激情,追逐青春理想,要惟精惟一,做好读书人,要知行合一,当好践行者,同时,田书记还强调要把学风建设与当前正在兴起的,大学习,活动有机结合,把学风建设作为一项重要任务常抓不懈,强化制度建设,坚持正面引领,希望各位同学把远大抱负落实到实际行动中,从,要我学,变为,我要学,从被动约束走向自觉行动,进而达到好学,勤学,善学的目的,培育良好的学风,推进学院学风建设再上新台阶,最后,我院辅导员孔圆圆老师做最后总结,她表示,要让学风建设工作走进班级,走进寝室,将班级,寝室变成学生基础文明,行为习惯,素养提升的重要场所,以班风,寝风带学风,促学风,扎实推进落实,三全育人,工作,形成具有学院特色的优良学风建设格局,在此契机下,身为新时代大学生,要牢固树立远大理想,热爱伟大的祖国,担负时代责任,勇于砥砺奋斗,练就过硬本领,锤炼品德修为,坚定理想信念,勇担青春使命,为我院学风建设贡献自己的青春力量,天地之大,大有可为,榜样引领,未来可期,本次总结表彰暨动员大会的召开,激励了我院学子铭记自身职责,不忘初心,砥砺奋进,促使学生实现由,要我学,到,我要学,的重要思想转变,争做新时代励志有为新青年,会后,同学们纷纷表示,一定要向榜样学习,肩负起时代的责任与使命,在自己的领域发光发热,用青春谱写奋斗之歌,为创建良好学风不懈努力",2021/4/12,涵养优良学风争做时代新人 ――工商管理学院总结表彰暨学风建设动员大会圆满召开
"为进一步在青年学生中扎实推进党史学习教育,厚植青年学生爱党,爱国,爱社会主义的情感,让红色基因,革命薪火代代传承,不断推动党史学习教育入脑入心,见行见效,月,日,工商管理学院团总支组织部分师生党员,青马班学员,优秀共青团员和主要学生干部来到长清区青少年爱国主义教育基地,一门三英烈,纪念碑开展,百年党史寻初心,红色基因我传承,党史学习教育主题实践活动,烈士忠骨长存,值此清明节之际,怀着对烈士们的无比崇敬,师生们在纪念碑前,肃立默哀,庄重的三鞠躬后为英勇牺牲的三名烈士献上我们亲手制作的纸花,此次活动,我们特别邀请到了长清区退休教师,一门三英烈,纪念碑爱国主义教育基地讲解员井兴远老师为我们讲解一门三英烈的历史故事,通过井老师朴实无华的语言,声情并茂的讲解,大家纷纷被张贻荣,张贻昌,张贻祯三兄弟为抗击日本侵略者在半年的时间内先后牺牲的壮烈事迹深深震撼,随后,我院教工第一党支部书记朱红祥老师通过讲述赵一曼同志的历史故事,号召同学们传承和发扬革命精神,桃花红雨英雄血,碧海丹霞志士心,今日神州看奋起,陵园千古慰忠魂,在中国这方热土上,有无数仁人志士,为了民族的解放,国家的独立和人民的幸福,抛头颅,洒热血,谱写了一篇篇悲壮激越的历史篇章,希望我们年轻人一代坚定政治信念,提升自身素养,以优异成绩迎接建党,周年,听了井老师和朱老师的讲话,同学们积极踊跃发言,结合实际,谈起自己的感悟,在党的历史发展进程中,无数英雄以鲜血和生命践行了对国家和人民的英勇担当,而在今天,站在新的历史起点,我们青年一代要缅怀先辈,传承精神,以初心和实干践行对国家和人民的时代担当,活动最后,张天帅同学带领全体团员重宣入团誓词,杨健同学带领全体党员重宣入党誓词,百年党史寻初心,红色基因我传承,此次党史学习教育主题实践活动,将进一步激发我院师生开展党史学习的热情,不断用党的奋斗历程和伟大成就鼓舞斗志,明确方向,用党的光荣传统和优良作风坚定信念,凝聚力量,用党的实践创造和历史经验启迪智慧,砥砺品格,百年党史寻初心,红色基因我传承,革命精神传万代,后人实干展东风,宣言一部中华梦,不忘初心为党忠",2021/4/9,【学党史 强信念 跟党走】工商管理学院团总支开展 “百年党史寻初心，红色基因我传承”...
"月,日下午,工商管理学院张可成院长和李仕超副院长陪同副校长刘恩允一行前往济南市高新区济南人力资本产业研究院,探讨与济南人力资本产业研究院深度合作事宜,学校招生就业处杨东副处长参加活动,济南市高新区党工委委员,管委会副主任,济南人力资本产业研究院院长张维国主任等热情接待了刘恩允副校长,张可成院长一行,刘校长一行首先参观了人力资本产业展厅,深入了解了人力资本产业发展的历史沿革和最新进展,座谈会上,张维国主任对刘校长一行的到访表示欢迎,热情介绍了济南人力资本产业研究院的现状与成果,张主任指出,双方合作有助于解决人力资本产业迅速发展中专业人才严重不足问题,对实现国家人力资本产业发展具有很重要的现实意义,刘校长介绍了山东女子学院发展概况,简要回顾了双方合作的历程,她指出,山东女子学院人力资源管理专业历经十几年的发展,打造了连锁经营管理特色,是山东省一流专业建设点,目前,济南市高新区和人力资本产业研究院努力打造的全国人力资本产业发展模式,与我校人力资源管理专业发展转型方向一致,与学校工商管理学院一流专业建设目标高度契合,希望双方本着发展地方经济,服务学生的原则,进一步深化双方合作,形成产教融合的校地,校企良性互动,会谈中,双方就人力资本产业发展的瓶颈,人才培养的制约因素等进行了深入探讨,确定了合作举办全国高层次人力资本产业人才培养研讨会的日程和框架",2021/3/26,副校长刘恩允与济南人力资本产业研究院座谈校地深度合作
"近日,全国妇联印发,关于表彰全国城乡妇女岗位建功先进个人先进集体的决定,山东女子学院工商管理学院喜获,全国巾帼文明岗,荣誉称号,近年来,学校广大妇女干部职工紧紧围绕学校中心工作,志存高远,爱党爱国,立足岗位,争创一流,以实际行动诠释了自尊自信自立自强的,四自,精神,以,巾帼不让须眉,的精神为学校高质量发展作出了积极贡献,学院现有教职工,人,其中女性,人,占比,班子成员,人,女性,人,专业教师中享受国务院政府特殊津贴专家,人,获山东省五一劳动奖章,人,山东省高等学校教学名师,人,兼职博导,人,硕导,人,学院以培养,女性高级管理人才,为目标,形成鲜明的人才培养特色,获批山东省人才培养创新实验区,目前建有山东省首批高水平应用型本科培育专业群,个,省级协同创新中心,个,省级特色专业,个,省级教学团队,个,学院,个本科专业中有,个获批省级一流专业建设点,教学团队被评为,山东省高校黄大年式教师团队,年学院教工第一党支部获评,全国党建工作样板支部培育创建单位,年学院辅导员工作室入选,山东高校辅导员领航工作室,学院获评,山东省三八红旗集体",2021/3/23,山东女子学院工商管理学院荣获“全国巾帼文明岗”荣誉称号
"月,日下午,工商管理学院在博雅楼,会议室召开党史学习教育动员大会,工商管理学院全体教职工参加会议,会议由党总支书记田莉春主持,会上,全体教职工集体学习了习近平总书记在党史学习教育动员大会上的重要讲话,田莉春书记强调,全体教职工要充分认识党史学习教育的重大意义,要把开展党史学习教育作为一项重大政治任务,提高站位,以认真负责,严谨细致的态度和踏石留印,抓铁有痕的劲头,把学习教育实践融入日常,抓在经常,推动学习教育高标准起步,高质量开展,张可成院长指出我们要认真学习,全面领会习近平总书记重要讲话精神,通过党史学习教育激励教职工党员从党的百年伟业奋斗历程中汲取继续前进的智慧和力量,把学习教育的成果转化为推动学院高质量发展的强大动力,转化为攻坚克难,干事创业的实际成果,高标准高质量完成学习教育各项任务",2021/3/19,工商管理学院召开党史学习教育动员大会
"就业是最大的民生,六稳,工作,六保,任务,就业都摆在首位,为更好落实就业精神,推动毕业生更高质量,更加充分就业,工商管理学院于,年,月,日上午在博文楼,和,召开了企业宣讲会,本次企业宣讲会旨在为毕业生提供就业机会,帮助毕业生顺利就业,工商管理学院副院长秦善勇,副书记刘瑶青,毕业生辅导员孔圆圆,王鹏超,工商管理学院,届毕业生参加了此次宣讲,宣讲会上,工商管理学院副院长秦善勇首先代表学院对各企业负责人的到来表示欢迎和感谢,并对宣讲企业进行了简单介绍,秦院长强调当前的就业形势依然严峻,希望同学们都能找到目标,努力奋斗,实现自我价值,随后,凯瑞集团,家家悦集团,舜和酒店集团,如家酒店集团,山东零公里润滑科技有限公司,山东链家房地产经纪有限公司,中信银行济南信用卡中心,山东名韩教育集团,山东梵森映画传媒,大谦大众,广典集团山东分公司等多家企业负责人从公司概况,企业文化,企业员工培养模式,企业目前的发展状况及发展前景与同学们作了详细介绍,在宣讲会的互动环节,同学们就职业发展,晋升道路,薪资待遇等进行提问,各企业负责人给每位提出问题的同学都给予了详细的回答与建议,此次宣讲内容丰富多彩,形式多样别致,同学们兴致勃勃,现场氛围热烈,宣讲结束后,企业与学生进行面对面建群,建立了交流平台,本次宣讲会让我院应届毕业生了解了行业的发展前景,人才需求,为学生拓宽了更多就业渠道,有效帮助大学生完善调整个人发展规划,今后,我院将继续围绕,早着手,勤指导,拓渠道,的工作思路,积极开展各项工作,帮助毕业生准确定位,认清就业形势,把握就业机会,树立积极的求职心态,全面促进我院毕业生实现高质量就业",2021/3/13,工商管理学院举办毕业生就业企业宣讲会
"月,日下午,工商管理学院教工第一党支部和数据科学与计算机学院教工第一党支部合作共建启动仪式在博雅楼,会议室举行,学校党委委员,组织部部长富元斋,工商管理学院,数据科学与计算机学院党总支部分委员,工商管理学院教工第一党支部,数据科学与计算机学院教工第一党支部委员参加了本次启动仪式,富部长首先致辞,他指出两个教工党支部合作共建,实现优势互补,是党建工作的模式创新,值得发扬和推广,接下来富部长对支部合作共建工作提出了三点要求,一是认识要统一,二是标准要过硬,三是作用要到位,两个党支部一定要在合作共建中实现共同进步,努力打造党建新品牌,随后两个党支部就联合开展党员教育,联合规范支部工作,联合服务学生服务社会等方面开展了讨论,就下一步开展共建活动,推动党建工作和人才培养有机融合,实现师生共同进步和发展达成共识,本次支部合作共建活动将搭建起双方共建平台,有利于密切党支部之间,党员之间,党员与群众之间的联系,实现优势互补,资源共享,不断增强党支部的创造力,凝聚力,战斗力,有效提升党建工作水平",2021/3/12,工商管理学院教工第一党支部数据科学与计算机学院教工第一党支部举行党支部合作共建启...
"近日,院学生党支部开展,百年征程,红色追梦,专题实践活动,引导广大学生党员扎根家乡了解国情,体验民情,用实际行动向建党,周年献礼,学生党员们围绕,百年征程,红色追梦,主题,结合专业背景和学科优势特色,通过实地考察,走访调研,宣讲等形式,在寒假深入群众,深入家乡,寻找并体会红色文化,忆往昔峥嵘岁月,叹发展觥筹变迁,一杆天线,托起了希望,一个匣子,装满了欢笑,在黑与白的世界里,生活便有了颜色,学生党员张东明在一位老奶奶家中,找到了一台老式黑白电视机,据老奶奶描述,这是她年轻时与丈夫买的第一个家电,那时小小的一台黑白电视弥足珍贵,影响了那个年代,影响了那个年代人的生活,而如今,高清彩电已经进入寻常百姓家,时代的发展,科技的进步,让我们享受着当代丰硕的成果,丰富着我们多彩的生活,斗转星移村落变,党群建设靓我乡,党群服务站的设立打破了原来服务难,办事难的不便,令身为青年党员的吴玉晴同志为国为党感到自豪,党群服务站坚持,党建引领服务,服务提升幸福,的理念,为党员群众提供各类党群服务,让群众感觉到党组织就在身边,党的温暖就在心中,在疫情防控的严峻期,党群服务站组织联系群众主动上报情况,排查来往人群和车辆,为社区居民送温暖,打通了基层服务群众的,最后一公里,使党员以实际行动深入了群众,加强了党员和群众的联系,吴玉晴同志深切地感受到,只有切实深入群众,深入社会实践,才能更好地服务家乡,建设家乡,红地仍闻当年事,革命精神永不朽,学生党员解秀雨假期期间走近沂蒙红嫂纪念馆,最后一口粮当军粮,最后一块布做军装,最后一个儿子送战场,沂蒙红嫂精神在世世代代沂蒙人的心中扎根,蒙山高,沂水长,军民心向共产党,红心迎朝阳,炉中火放红光,我为亲人熬鸡汤,续一把蒙山柴炉火更旺,添一瓢沂河水情深意长,愿亲人早日养好伤,为人民求解放重返前方,一曲,沂蒙颂,道出了,红嫂精神,的真谛,她们是抗战英雄,是时代榜样,解秀雨表示,作为青年学生党员,我们更应该学习和传承,红嫂精神,坚定理想信念,发扬艰苦奋斗作风,时刻以国家利益为重,以民族大义为重,听党话,跟党走,让爱党爱国,无私奉献的,红嫂精神,融入我们的血脉,让自强不息,勤劳勇敢的,红嫂精神,指引我们前行,此次活动,学生党员们深入了解自己的家乡变化,通过探访家乡,寻找上世纪物品,观览主题展馆等形式追寻红色精神,激励了他们关注时事的爱国热情,树立了科学理性的爱国主义精神,增强了学生党员的爱国主义和责任意识,全院党员将牢记,强核强国,之使命,以饱满的姿态,昂扬的斗志和傲人的成绩为新时期建设社会主义现代化国家贡献青春力量",2021/3/9,我院学生党支部开展“百年征程 红色追梦”社会实践活动
"月,日工商管理学院在博雅楼,会议室,开展教职工政治理论学习,集体学习,民法典,学院教职工观看了,民法典这样关乎你整个人生,专题片,就,民法典,带给我们的变化,这一主题展开讨论,大家分别从工作,思想等各方面提出自己的感受和看法,通过此次学习,教职工了解了,民法典,颁布实施的重大意义,进一步提高教职工学法,尊法,守法,用法的自觉性",2021/3/5,工商管理学院组织全院教职工召开《民法典》学习会
"月,日上午,点,学院在博雅楼,召开了新学期学生工作会议,工商管理学院学工队伍全体人员参加,会议由学院党总支副书记刘瑶青同志主持,刘书记强调当前防疫工作不能松懈,要严格按照学校要求做好学生返校及在校期间的防疫工作,并利用学院的新媒体平台定期向学生推送防疫知识,做好全方位防疫工作,会议就学生返校及学生开学后的心理健康,资助评优,宿舍管理等工作做了详细安排,要求学院学生工作全体人员开学一周内完成开学第一课专题教育保证新学期学生工作的良好开局,会上辅导员还就各自分管工作进行了梳理,对学院,年学生工作计划要点进行了讨论,通过讨论理顺了思路,明确了方向,为今年的学生工作奠定了良好基础",2021/3/4,学院新学期学生工作会议
"根据省委关于巡视工作的统一部署,近日,省委第九巡视组巡视山东女子学院党委工作动员会召开,会前,省委第九巡视组组长张宝泉主持召开与山东女子学院党委书记郭翠芬见面沟通会,传达了刘家义同志关于巡视工作的讲话精神,通报了有关工作安排,会上,张宝泉作了动员讲话,对做好巡视工作提出要求,郭翠芬主持会议并讲话,省委第九巡视组副组长及有关同志,山东女子学院领导班子成员出席会议,山东女子学院有关部门和单位主要负责同志列席会议,张宝泉强调,高校担负着,培养社会主义建设者和接班人,根本任务,关系党的事业后继有人,关系国家前途和命运,对省属高校党委开展巡视,充分体现了省委对高校工作的高度重视,是加强党的政治建设,督促做到,两个维护,全面贯彻党的教育方针,落实立德树人根本任务,深化高等教育综合改革,促进高校治理体系和治理能力现代化建设,把严的主基调长期坚持下去,推进全面从严治党向纵深发展的重要举措,山东女子学院党委要提高政治站位,从,两个大局,高度,增强,四个意识,坚定,四个自信,做到,两个维护,深刻认识巡视工作的重要意义,自觉接受监督,积极支持配合省委巡视组工作,坚决完成好省委交给的巡视任务,张宝泉指出,巡视是党章赋予的重要职责,是加强党内监督的战略性制度安排,是党委履行全面监督职责的直接抓手,省委巡视组将坚持以习近平新时代中国特色社会主义思想为指导,深入贯彻落实党的十九大和十九届二中,三中,四中,五中全会精神,坚持围绕中心,服务大局,全面贯彻巡视工作方针,精准落实政治巡视要求,聚焦,两个维护,根本任务,紧盯高校党委职能责任,紧盯全面从严治党阶段性主要矛盾,紧盯领导班子和关键少数,紧盯人民群众反映强烈的突出问题,深入了解落实党的路线方针政策以及党中央重大决策部署和省委工作要求情况,特别是贯彻落实习近平总书记关于教育的重要论述,党中央关于加强党的政治建设,贯彻党委领导下的校长负责制,坚持社会主义办学方向,落实立德树人根本任务等决策部署情况,以及防范和化解重大风险,服务经济社会发展情况,了解落实全面从严治党战略部署情况,加强对主体责任和监督责任落实,权力运行和监督制约情况的监督,了解落实新时代党的组织路线情况,加强对领导班子自身建设,选人用人,基层党建情况的监督,了解落实巡视,审计等监督发现问题和,不忘初心,牢记使命,主题教育检视问题整改情况,发挥监督保障执行,促进完善发展作用,推动省属高校党委增强,四个意识,坚定,四个自信,做到,两个维护,不断提高政治判断力,政治领悟力,政治执行力,加快推进高水平大学建设,以优异成绩庆祝建党,周年,郭翠芬表示,学校党员干部要把思想和行动统一到省委关于巡视工作的部署要求上来,切实增强接受巡视监督,支持巡视工作的自觉性,坚决服从巡视组的工作要求和安排,要提高政治站位,以高度的政治自觉主动接受巡视监督,对巡视发现的问题主动认领,诚恳接受,立行立改,各级党员干部和教职工要本着对党,对组织,对事业,对同志高度负责的态度,实事求是汇报工作,反映情况,客观,真实,准确地说明问题,相关部门要精心组织,周密安排,全力做好巡视保障工作,学校党委领导班子要以巡视为契机,进一步增强党要管党,从严治党的思想自觉,政治自觉和行动自觉,进一步理清发展思路,明确发展定位,努力推动学校各项事业再上新台阶,省委巡视组在山东女子学院工作时间为,年,月,日至,年,月,日,受理信访时间截止到,年,月,日,为便于干部群众反映情况,巡视组建立了多种联系方式,联系电话,接听电话时间为,工作日,寄信地址,济南市,号邮政信箱,网上邮箱,登录山东省纪委监委网站,在,巡视巡察,专题中点击,巡视组信箱,按照提示内容输入即可,还设置了,个巡视组信箱,分别位于长清校区办公楼一楼西侧,图书馆,座入口南侧,食堂东门入口南侧,家属院,号楼,单元入口西侧,玉函校区老年活动之家入口南侧,根据巡视工作条例规定,省委巡视组主要受理反映山东女子学院党委领导班子及其成员,下一级党组织主要负责人的问题以及与巡视工作有关的来信来电来访,重点是关于违反政治纪律,组织纪律,廉洁纪律,群众纪律,工作纪律和生活纪律等方面的举报和反映,其他不属于巡视受理范围的信访问题,将按规定由山东女子学院和有关部门认真处理",2021/3/4,省委第九巡视组巡视山东女子学院党委工作动员会召开
"月,日下午,工商管理学院邀请山东大学创新创业院长邢建平教授做了题为,课赛结合任务驱动,赋能双创教育,的专题分享,会议由工商管理学院张可成院长主持,山东大学宁亚飞副教授,学校创新创业学院李厚忠院长及工商管理学院,创新创业学院教师参加了会议,邢建平教授是山东大学创新创业学院院长,教授,博士生导师,教育部创新方法教学指导分委员会委员,国际,大学生创新创业大赛中国赛区主席,中国通信学会集成电路分会委员,中国卫星定位协会顾问团成员,山东省北斗卫星产业联盟秘书长等,邢教授就当下创新创业教育的热点问题,冷静地提出以下几点思考,一是坚持课赛结合,任务驱动的创新创业教育模式,二是要优化完善双创教育体系,加强导师队伍建设,三是要打造项目竞赛联合育人的新模式,讲座受到老师们的一致好评,对我院创新创业教育及课赛结合的育人模式提供了很好地借鉴作用",2021/2/24,工商管理学院举办创新创业教育暨互联网+项目竞赛分享会
"按照学校党委统一部署,月,日,工商管理学院党总支班子召开,年度民主生活会,紧扣认真学习贯彻习近平新时代中国特色社会主义思想,加强政治建设,提高政治能力,坚守人民情怀,夺取决胜全面建成小康社会,实现第一个百年奋斗目标的伟大胜利,开启全面建设社会主义现代化国家新征程这一主题,紧密联系班子工作,联系班子成员思想和工作实际,进行自我检查,党性分析,开展批评和自我批评,工商管理学院的党员领导干部,人参加了民主生活会,学校党委委员,统战部部长李君同志和组织部李晨同志到会指导,学院副院长秦善勇列席会议,党总支书记田莉春主持会议,工商管理学院党总支班子对开好这次民主生活会高度重视,及时传达学习上级文件精神,对高质量开好民主生活会作出安排,提出要求,民主生活会前,党总支班子作了充分准备,认真学习领会习近平总书记重要讲话精神,系统研读规定篇目,广泛征求各方意见,真诚开展谈心谈话,深刻剖析自身问题,精心撰写对照检查材料,为开好民主生活会打下了坚实基础,田莉春代表党总支班子作对照检查,汇报了,不忘初心,牢记使命,专题民主生活会整改措施落实情况和本次民主生活会征求意见情况,重点从,个方面查摆了问题和不足,深刻剖析了原因,明确努力方向和改进措施,随后,田莉春带头作个人对照检查,班子成员逐个发言,按照要求进行对照检查,认真开展严肃的批评和自我批评,民主生活会上,严肃认真的态度,刀刃向内的查摆,批评与自我批评贯穿始终,起到了咬耳扯袖,红脸出汗的效果,李君同志肯定了学院民主生活会的效果,认为会议开出了振奋精神,凝心聚力的氛围,同时,围绕抓好查摆问题,整改落实提出了指导意见和明确要求,学院党总支班子成员将认真学习落实督导组李君同志的指导意见,把查摆出的问题和相互批评的意见,认真盘点,再系统梳理,拉出单子,建起整改台账,在真改实改中促进各项工作全面提升,把这次民主生活会的成果转化为迈好第一步,见到新气象的实际行动",2021/1/18,工商管理学院党总支班子 召开2020年度民主生活会
"年,月,日下午,我院高水平应用型本科专业建设指导教师特聘教授聘任仪式在学院,会议室举行,聘任仪式由工商管理学院院长张可成主持,工商管理学院副院长李仕超及工商管理学院部分教师参加聘任仪式,会上,张可成院长介绍了刘华军,孙亚男,陈明华,杨骞四位专家的主要研究成果和学术贡献,为刘华军等四位教授颁发特聘教授聘任证书,并对刘华军等教授的加盟表示欢迎,他谈到,在学校新的发展战略和发展任务引导下,人才作为第一资源,是推动高水平学科建设的关键,期待刘华军等教授的加盟能够进一步有效推进工商管理学院高水平学科建设,切实提高我院教师的科研水平,刘华军教授作为特聘教授代表发言,他谈到,要想做好科研,必须有敢拼且不服输的亮剑精神和士兵突击精神,他表示,非常高兴和荣幸带领团队加盟山东女子学院工商管理学院,也非常感谢院领导对团队的重视与支持,同时指出今后团队将充分利用好学院提供的平台,认真履行特聘教授岗位职责,争取在山东女子学院工商管理学院开启崭新的篇章,在人才培养和科学研究等方面取得更大成就,为学院建设和发展贡献团队最大的力量",2020/12/16,我院举行“高水平应用型本科专业建设指导教师”特聘教授聘任仪式
"年,月,日上午,我院与广电文化产业创业创新基地签订战略合作框架协议仪式在广电双创基地举行,工商管理学院张可成院长,科技产业处路宁副处长,工商管理学院刘瑶青副书记和李仕超副院长参加签约仪式,广电双创基地执行董事董庆英杰,高校事业部总监毕晴,高校事业部经理郭海刚,全媒体运营师专业讲师王子恒参加签约仪式,广电文化产业创新创业基地是全国首家专注服务于大学生艺能孵化,职业赋能及文娱创新创业的产教基地,是一家专注于数字资产积累,孵化打造,品牌升级赋能,直播新零售产业服务的综合传媒机构,广电文化产业创新创业基地与山东女子学院工商管理学院,根据学院发展规划及专业建设要求,双方建立长期战略合作关系,在全媒体营销人才培养,师资培训,学生实习,创业等方面进行全方位合作,此次合作将推动工商管理学院新文科建设背景下的全面专业转型升级,以及产业学院的建设",2020/12/16,我院与广电文化产业创业创新基地签订战略合作框架协议书
"为大力弘扬劳模精神,劳动精神,工匠精神,落实立德树人根本任务,推进师德师风建设,按照,关于在直属高校中开展,时代新人说,教职工演讲比赛的通知,鲁教工,号,通知要求,省教育工会组织以,时代新人说,争做新时代的奋斗者,为主题,经逐级推送,线上线下相结合的方式层层选拔,评比,我院工商管理学院李宏洁老师喜获演讲比赛二等奖的好成绩,今年,月,学校工会在全校教职工范围内进行,时代新人说,演讲选拔比赛,全校,个工会支部高度重视,层层筛选,积极备战,经过激烈角逐,李宏洁老师以,时代新人说,新时代属于实干者,的演讲题目脱颖而出,代表我校参加省教职工演讲比赛并获得二等奖优异成绩,此次比赛在全省高校激烈的的角逐中,不仅体现了我院教师团队在教学中不断探索,在工作中心系学生,踏实,兢业,无私奉献的精神,更向全省高校充分展现了严谨治学,务实创新的学院氛围,赢得了赛事评委及业界人士的一致好评",2020/12/3,喜报！我院李宏洁老师荣获“时代新人说” 山东省高校教职工演讲比赛二等奖
"年,月,日,全国高等院校数智人力大赛,人力资源大数据赛项,全国总决赛落下帷幕,山东女子学院工商管理学院团队获得全国总决赛一等奖,本次大赛以,年,月数智人力大赛省赛的选拔赛为基础,从,所高校,名学生中选拔出,支优秀队伍进入全国总决赛,本次大赛以曹丽,王目文老师为指导老师,由,级人力资源管理班李佳童与,级人力资源管理班胡艳莉,王凯蒂,纪婧怡,名同学组队,通过技能比拼,案例报告,案例答辩的比拼,以综合成绩,分的成绩获得全国总决赛本科组一等奖,此次大赛综合利用人力资源管理专业知识,通过数据挖掘与分析,为新兴数字化企业在在岗位分析,薪酬制定及员工福利等方面提供了科学的参考和新的思路,近年来,工商管理学院高度重视学生的创新和实践能力培养,通过赛教融合,以赛促教,极大提升了学生的创新意识和分析能力,本次比赛,学生增强了对大数据时代的理解,拓宽了对企业经营管理认识的思路,同时又向社会展现了我院人力资源管理专业学子的综合素质和实践创新能力,为今后的大数据时代人力资源管理教学,科研提供了有力的参考,也为人力资源管理专业下一步参与国家级比赛打下了坚实的基础",2020/11/23,我院学子喜获2020 年全国高等院校数智人力大赛（人力资源大数据赛项）全国总决赛一等奖
"月,日,工商管理学院党总支理论学习中心组组织了专题学习,学习了十九届五中全会公报,并开展了警示教育案例讨论,会议由田莉春主持,刘瑶青领学十九届五中全会通过的,中共中央关于制定国民经济和社会发展第十四个五年规划和二,三五年远景目标的建议,重点学习了决胜全面建成小康社会,方面决定性成就,到二,三五年基本实现社会主义现代化,方面远景目标,十四五,时期经济社会发展,大,新,目标及新时期发展,大主张,通过广泛深入讨论,总支成员进一步统一了思想认识,强化了理论武装,凝聚了奋进共识,大家认为,党的十九届五中全会是我们党站在,两个一百年,历史交汇点上,对开启全面建设社会主义现代化国家新征程作出战略决策的一次重要会议,具有里程碑意义,全会通过的,中共中央关于制定国民经济和社会发展第十四个五年规划和二,三五年远景目标的建议,为实现第二个百年奋斗目标和中华民族伟大复兴的中国梦提供了战略指引,表示要深刻认识党和国家事业发展取得的历史性成就,发生的历史性变革,进一步增强做到,两个维护,的思想自觉,政治自觉,行动自觉,准确理解把握,年远景目标和,十四五,时期的指导方针,主要目标,坚持以人民为中心,办人民满意教育,为实现,十四五,规划和,年远景目标而团结奋斗,田莉春带领大家进行案例讨论,开展警示教育,以中国传媒大学原副校长蔡翔为例,告诫大家以案为鉴,警钟长鸣,要有底线意识,重视加强学习提高党性修养,增强严守遵守党纪国法,规章制度的坚定性和自觉性,靠制度来规范和约束自己的言行,通过案例学习,大家纷纷表示要深刻吸取反面典型教训,坚定守初心,担使命的政治自觉,思想自觉,行动自觉,坚决把反腐败斗争进行到底",2020/11/19,工商管理学院党总支理论中心组学习十九届五中全会精神
"月,日上午,学校副校长刘恩允,教务处长穆勇一行到我院走访调研,学院院长张可成,书记田莉春以及班子其他成员热情接待了刘校长一行并进行了座谈交流,张可成院长首先回顾了学院,十三五,期间学科专业发展情况,重点汇报了学院一流专业建设情况,田莉春书记介绍了学院基本情况和党建工作相关情况,刘校长肯定了工商管理学院各方面的工作,为下一步学院一流学科的建设工作指明了努力方向",2020/11/12,学校副校长刘恩允到我院走访调研
"月,日,月,日,新加坡,全球品牌策划大赛中国地区选拔赛在昆明举行,本届全球品牌策划大赛由全球华人营销联盟,中国国际商会商业行业商会,中国国际贸易促进委员会商业行业委员会,中国商业文化研究会,中国许可贸易工作者协会,昆明市商务局和中国贸易报社共同举办,本次大赛共有来自全国,个省,自治区,直辖市及特别行政区的,所高等院校的,余支参赛队报名参赛,参与师生人数,余人,经过专家评审,最终共有来自,所院校的,支团队入围中国地区选拔赛总决赛,在选拔赛总决赛中,经过激烈角逐,凭借扎实的专业功底,高质量的策划,出色的方案展示和现场陈述以及优秀的团队协作,我校工商管理学院参赛团队,张东明,战晓琳,李文萱,陆媛媛,指导教师,黄世国,张梦尧,作品,七色鹿,古德教育中心品牌策划案,获中国区选拔赛二等奖,同时荣获最佳展示奖,近几年来,工商管理学院加大学生创新和实践教育培养力度,通过赛教融合,以赛促教,提高学生专业知识的创新运用能力,积极促进学生学业作品成果化,此次参赛既检验了学生创新精神和专业技能,也为学生提供了角逐顶级赛事,与兄弟高校学生交流学习的机会",2020/11/5,山东女子学院代表队在2020（新加坡）全球品牌策划大赛中国地区选拔赛中喜获佳绩
"月,日,工商管理学院党总支理论中心组召开会议,专题学习,习近平治国理政,第三卷,的部分内容,会议由党总支书记田莉春主持,学院理论中心组全体成员参加了会议,刘瑶青领学,一以贯之全面从严治党,强化对权力运行的制约和监督,大家认为,习近平谈治国理政,第三卷,全面呈现党的十九大以来习近平新时代中国特色社会主义思想的最新发展成果,立足时代之基,回答时代之问,具有强大的实践力量,人格力量,信仰力量,习总书记,一以贯之全面从严治党,强化对权力运行的制约和监督,的重要讲话,对推动全面从严治党向纵深发展具有重大指导意义,要学懂弄通做实习近平新时代中国特色社会主义思想,不断增强,两个维护,的自觉性和坚定性,要站稳党和人民立场,适应时代新要求,满足人民新期待,全面提高教育教学质量,不断为国家和社会培养更多高素质人才,要健全监督体系,强化对权力运行的制约和监督,要持之以恒抓作风建设,大力宣传党的纪律和廉政政策法规,弘扬新风正气,引导广大师生坚守底线,维护清正勤勉的良好氛围,会上,田莉春还领学了学校关于开展落实中央八项规定精神自查自纠工作通知,强调要把落实中央八项规定及其实施细则精神作为重要政治任务,加强对党风廉政建设相关文件的学习宣传,认真落实,一岗双责,主动研究职责范围内廉政风险点及防控措施,以身作则带头遵规守纪,并切实做好日常监督检查,以优良党风政风教风凝聚人心,汇聚力量,推动学院各方面工作再上新台阶",2020/10/26,工商管理学院党总支理论中心组集体学习《习近平治国理政（第三卷）》
"月,日,工商管理学院为了积极推进一流专业建设,高水平应用型本科专业,群,建设,在博雅楼,举行了,工商管理学院一流专业申报专家研讨会,会议邀请了工商管理教指委委员,山东财经大学教务处陶虎处长,山东财经大学工商管理学院刘军院长,中山大学市场营销专业博士生导师王海忠教授等参加,工商管理学院张可成院长,李仕超副院长,秦善勇副院长和市场营销教研室老师参加研讨会,陶处长就市场营销专业的申报书内容和撰写进行了分析,提出了中肯的建议,刘院长就市场营销专业的培养定位提出了自己的看法,王教授对市场营销专业应对当前区域经济恢复性发展等问题进行阐述,几位专家与参会的教师就市场营销一流专业申报专业定位,历史沿革,尤其是特色凝练等进行了深入地探讨,几位专业也分享了相关院校高水平应用型本科专业,群,建设的经验,此处专家研讨会对工商管理学院一流专业建设具有重要的指导意义",2020/10/26,工商管理学院举行一流专业申报专家研讨会
"喜报,喜报,工商管理学院国创项目再创佳绩,金秋十月,秋风送爽,秋天是收获的季节,根据,关于公布,年国家级,省级大学生创新创业训练计划项目名单的通知,我院学子在,年大学生创新创业训练计划项目中获批国家级立项,项,省级立项,项,校级立项,项,成绩喜人,具体获奖名单如下,旗帜引向,大学生创新创业训练计划是教育部,高等学校本科教学质量与教学改革工程,重点建设项目之一,包括创新训练项目,创业训练项目和创业实践项目三类,旨在促进高等学校转变教育观念,创新人才培养模式,鼓励和支持大学生参与科学研究,技术开发和社会实践等创新创业活动,不断提高大学生的创新创业精神和实践能力,培养适应时代要求的高水平创新人才,砥砺前行,祖国的青年一代有理想,有追求,有担当,实现中华民族伟大复兴就有源源不断的青春力量,希望你们扎根中国大地了解国情民情,在创新创业中增长智慧才干,在艰苦奋斗中锤炼意志品质,在亿万人民为实现中国梦而进行的伟大奋斗中实现人生价值,用青春书写无愧于时代,无愧于历史的华彩篇章,这是习近平总书记对青年大学生创业的勉励,工管学子秉承这一思想,积极创新,奋勇争先,再创佳绩,奋发进取,没有耕耘,哪有收获,立项期间,挑灯夜读时孜孜不倦的身影,请教老师时虚心好学的精神,修改方案时精益求精的态度,都在见证着参赛成员对卓越的追求,回忆起努力过的这段日子,杨健说,最初的我很急于求成,理论知识尚未完全掌握,便想动手实施,耗费两周却毫无进展,后来老师告诉我不要着急,要一步一个脚印,这让我意识到只有在坚实的理论基础上整合信息,确定方案才会事半功倍,尽管立项困难重重,但我从未想过放弃,因为我坚信,成功终将属于努力奋斗过的人,不只是杨健,每一位参与创新创业训练计划的同学都收获了属于自己的独特记忆,昂首回顾,经过夜以继日的训练,无数次的方案改进,工管学子最终交上了一份满意的答卷,参赛成员扎实的知识和饱满的热情,不仅展示了工管学子较强的创新创业能力,更展现了工管学子有智慧敢较量的精神风貌,这些项目不仅是我院学生创新意识和创业能力提高的成果,更将成为我院学生取得更辉煌成就的领航灯",2020/10/19,喜报！喜报！ 工商管理学院国创项目再创佳绩！
"为更好发挥教师党员在教书育人方面的模范引领作用,构建全员全方位全过程育人的良好格局,月,午,我院党总支在,会议室举办,铸魂育人,教师党员课程思政微课比赛,党总支特邀教务处穆勇处长,教学质量监控与评估处张曙光处长前来指导工作,比赛由党总支书记田莉春主持,本次比赛分两阶段,首先每位党员教师向所在支部提交课程思政微课视频,各支部进行初评,再由各支部推荐的选手参加党总支组织的集中展示,各参赛教师在,分钟的课程教学中,结合所授专业与课程的特点,深入挖掘课程蕴含的思政元素和德育功能,认真进行教学设计,将国家政策,时事政治,家国情怀,职业素养,优秀传统文化等思政元素自然融入到课程中,实现知识传授与价值引领的有效结合,体现了各位教师良好的政治素养,经过激烈角逐与评审,共评选出一等奖,名,二等奖,名,最后穆处长,张处长分别对参赛老师授课过程进行了点评和指导,并对今后我院课程思政教学改革提出了建议,本次大赛对提升我院教师课程思政意识,促进潜心教书育人,加强学习交流,推动良好学风形成有重要意义",2020/9/25,我院党总支举办“铸魂育人” 教师党员课程思政微课比赛
"月,日下午,我院在博雅楼,会议室召开全体教职工大会,组织学习,宗教工作简明读本,等资料,继续深化宗教政策法规学习宣传教育,本次宗教政策法规的学习由党总支书记田莉春领学,她带领大家学习,宗教工作简明读本,中的部分内容,要求大家深入学习领会宗教工作文件精神,树立正确的马克思主义宗教观,掌握宗教工作基本常识,进一步做好抵御宗教渗透和防范校园传教工作",2020/9/18,我院组织学习党的宗教政策法规
"月,日,工商管理学院在,会议室召开党总支理论学习中心组扩大会,专题学习了,宗教工作简明读本,年版,山东女子学院意识形态工作责任制实施细则,会议由党总支书记田莉春主持,党总支理论学习中心组全体成员等参加会议,本次学习分别由田莉春,刘瑶青领学,采用了领学和讨论相结合的形式,学习,宗教工作简明读本,年版,更深刻认识到意识形态工作是党的一项极端重要的工作,宗教工作在党和国家工作全局具有特殊重要性,学习了宗教工作常识及我国宗教事务相关法律法规,为做好新时代宗教工作夯实了理论基础,明确了工作方法,学习,山东女子学院意识形态工作责任制实施细则,进一步明确了意识形态工作主体责任和工作责任,牢固树立起抓意识形态是本职,不抓是失职,抓不好是不称职的理念,大家表示要切实履行,一岗双责,担负起政治责任和领导责任,牢牢掌握意识形态工作的领导权,主动权,抓好职责范围内意识形态工作",2020/9/13,学院召开党总支理论学习中心组扩大会
"月,日,工商管理学院党总支理论中心组召开网络会议,专题学习习近平关于教育工作的重要论述中的部分篇目,会议由党总支书记田莉春主持,学院理论中心组全体成员参加了会议,本次学习采用自学和集中研讨相结合方式,大家自学了习近平关于教育工作的重要论述中的部分篇目,张可成表示习近平总书记在全国教育大会上发表的重要讲话,就关系我国教育现代化的重大问题进行了深刻阐述,强调教育是国之大计,党之大计,指出教育的根本任务是立德树人,工作目标是凝聚人心,完善人格,开发人力,培育人才,造福人民,为我们今后的工作提供了遵循,大家认为党的十八大以来,党中央对教育事业特别是培养社会主义建设者和接班人高度重视,党的十八大报告提出把立德树人作为教育的根本任务,年在全国高校思想政治工作会议上,习近平总书记指出,要坚持把立德树人作为中心环节,把思想政治工作贯穿教育教学全过程,实现全程育人,全方位育人,努力开创我国高等教育事业发展新局面,年党的十九大报告进一步提出了,落实立德树人根本任务,的要求,年在全国教育大会上强调,培养什么人,是教育的首要问题,年习近平总书记在北京大学师生座谈会上的讲话中强调,要把立德树人的成效作为检验学校一切工作的根本标准,今年在思想政治理论课教师座谈会上进一步提出,用新时代中国特色社会主义思想铸魂育人,由此可以看出,党中央对高校立德树人,培养社会主义建设者和接班人的部署层层展开,稳步推进,课程思政是高校落实立德树人的根本举措,学院将重视加强课程思政建设,提升教师课程思政意识,提高课程思政能力和水平,努力构建全员全方位全过程育人的良好格局",2020/8/28,工商管理学院党总支理论中心组集体学习习近平总书记关于教育重要论述
"山东女子学院工商管理学院虚拟展览馆隆重上线,该展馆采用,互联网,等现代信息技术,提供沉浸式,可交互的虚拟现实体验,营造身临其境的感觉,代入感超强,是学院风采的,全景展,立体展,深度展,实现全时空体验,全方位拓展,赶快点击进入吧,在这里,同学们可以突破时间,空间,功能限制,深入了解工商管理学院的专业设置,课程设置,学科建设,师资队伍,学生活动的详细信息,使用谷歌,火狐,等浏览器体验效果更佳,软件操作时使用,电脑用户,键盘,或,可在虚拟博物馆内自主漫游,长按鼠标左键自由拖拽可改变视角,手机用户,沿移动方向手势滑动后,手指不要离开屏幕,长摁屏幕可向相应方向漫游,点击展板,视频等可了解相关信息",2020/8/2,她来啦，她来啦～山东女子学院工商管理学院的虚拟展览馆来啦！
"荣誉称号届的最佳输出,刘娇,刘娇,共青团员,山东女子学院工商管理学院,级工商管理专业,班班长,山东女子学院学生委员会委员,曾任,学年工商管理学院学生会主席,刘娇荣获,年度山东省高等学校优秀学生干部,齐鲁最美青年,新时代山东向上向善好青年,山东女子学院优秀学生干部和优秀团员等荣誉称号,在学习上认真刻苦,多次获得校级一等奖学金和二等奖学金,荣获,年度国家励志奖学金,参与立项山东省青少年教育科学规划课题一项并结项,荣获全国零售新星大赛三等奖,实践中,年两次参与全国大中专学生暑期三下乡社会实践活动,积极服务群众,所在的,暖心向,志愿服务队获得,镜头中的三下乡,全国优秀实践团队,山东省优秀服务队等多项奖项,思想上不忘初心,坚定理想信念,严于律己,注重个人道德修养,服务好同学,向优秀的共产党员看齐,跟我一起把,的口号喊在女院的操场上,喊破在女院上空的云霄中吧,欢迎大家报考工商管理专业,我在工商管理学院等你,奖学金的无情收割机,韩昭阳,韩昭阳,男,共青团员,工商管理学院,级工商管理本科,班班长,曾担任工商管理学院学生会副主席,自入学以来获校级一等奖学金,次,二等奖学金,次,国家励志奖学金,次,荣获校级荣誉称号,学习标兵,次,优秀学生干部,次,优秀学生,次,优秀团员,次,荣获省级,优秀学生,爱心大学生,荣誉称号,担任组长参加,年度山东省青少年教育科学规划课题大学生学术课题并成功立项,结项,女院不仅有好看的小姐姐,还有帅气的小哥哥,欢迎大家报考工商管理专业,我在这里等你们,国奖都敢拿的实力派,陈亚南,陈亚南,共青团员,现被评选为入党积极分子,工商管理学院,级工商企业管理专班学习委员,校自律会信息宣传中心副部长,截止目前,在校期间,曾荣获,年度国家奖学金一次,校级一等奖学金三次,荣获,学习标兵,荣誉称号三次,优秀学生,荣誉称号一次,优秀团员,荣誉称号一次,优秀干事,荣誉称号两次,优秀部长,荣誉称号一次,积极参加多项比赛并荣获奖项,曾获山东省创新创业模拟企业经营网络对抗赛一等奖,东方财富杯,全国大学生金融精英挑战赛三等奖等等,等候你,不问归期,你来自四方万里,我在女院等你,欢迎各位学弟学妹报考工商企业管理专业,荣誉,竞赛全囊括,李梦茹,李梦茹,共青团员,工商管理学院,级市场营销,班学习委员,在校期间获一等奖学金,次,学习标兵,次,优秀学生,次,优秀学生干部,次,优秀团员,次,国家励志奖学金,次,省政府奖学金,次,获得全国大学生数学建模高教杯竞赛国家三等奖,数学建模电工杯竞赛省级一等奖,大学生科技节,智慧企业竞赛省级二等奖,校运会,米栏第二名,立定跳远第三名,跳远第四名,春风十里,不如大学有你,学弟学妹们,我想你们想得花都要谢啦,各种荣誉整老多,徐箫,徐箫,共青团员,工商管理学院,级市场营销,班团支书,现任考研协会副会长,曾任工商管理学院组织部部长,在校期间荣获,山东省省政府奖学金,和,山东省优秀学生,荣誉称号,获校级一等奖学金,次,二等奖学金,次,学习标兵,次,国家励志奖学金,次和,优秀学生干部,优秀学生,优秀团干部,优秀团员,等光荣称号,山东社科论坛论文三等奖,已考取计算机二级,英语四,六级等一些专业证书,积极参加多项校级比赛并取得优异的成绩,工商管理学院是一个大家庭,在这里你不仅可以汲取知识,还可以获得同学情,师生情,欢迎大家报考工商管理学院,报考市场营销专业,可盐可甜的荣誉达人,李捷,李捷,共青团员,工商管理学院,级本科班团支书,现任山东女子学院第四届学生委员会委员,工商管理学院学生会主席,在校期间获校级一等奖学金,次,二等奖学金,次,优秀学生干部,次,优秀学生,次,优秀共青团干部,次,国家励志奖学金,次,婴贝儿,二等奖学金,次,获得,全国大学生物流仿真设计大赛,省级二等奖,三等奖各一次,学年获济南市第一届志愿服务项目大赛金奖,被评为山东省优秀学生,爱心传递,优秀工作案例,获山东省,三下乡,社会实践活动先进个人,这个夏天,我有空调,西瓜和,你确定不来女院和我一起逛逛商业街,观观园博园,看看女院的日升日落吗,快来报考工商管理学院呀",2020/7/18,工商大神 等你来！（学生篇――学优顶流）
"蔡刚,外刚内柔蔡博士,外柔内刚高冷范,暖心大气帅大叔,三尺讲台育学生,春风化雨润英才,授业解惑不知倦,董振华,内外兼修有才华,内外兼修的气质担当,内外兼修气质佳,知识广博专业科研领头,教学能力亦不逊色,粉笔无言写春秋,桃李兴盛满神州,李宏洁,竞赛最佳辅助,学科竞赛担当,团队作战我不慌,宏洁老师来镇场,指导学生耐心足,学科竞赛做助攻,为师亲和为友可亲,亦师亦友同进步,李仕超,教学能力,短小精悍川妹子,热心霸气大姐大,屹立方寸讲台点滴知识如数家珍,川普授课广博学问信手拈来,致力一流学科建设,巾帼不让须眉,苗盼,智美并存受喜爱,偏偏靠才华的美女老师,智慧美丽全都有,亲和温柔学生爱,讲台上身影不倦,讲台下可爱,在教学上不留余力,在生活上爱心满满,秦善勇,专业领域实力大咖,实力大叔,瘦高儒雅帅大叔,学科教育立浪头,学科教育不落后,专业知识第一步,脚踏实地专心搞学问,兢兢业业用心育桃李,王雷,幽默萌趣实力派,幽默萌趣实力强,专业领域扎实稳,三尺讲台为阵地,教学多年经验足,向我们展示出绝代风华的精彩,张丰智,思辨科研达人,能辩善思科研达人,明哲善辩爱科研,有质疑有巧思,不安于被定义,敢于在领域里自我突破,思考与疑问都是为更进一步,张梦尧,可盐可甜暖心哥哥,比起师长更像朋友,也更像暖心大哥,可盐可甜张弛有度,能与学生打成一片,也能保持为人师长稳重亲和,张景媛,乘风海归知心姐姐,留过洋的知心大姐姐,知心姐姐敲可爱,专业知识很奈斯,海外求学乘风归,美女学霸踏浪来,知识贮备丰富,教学能力棒",2020/7/18,工商大神 等你来！（老师篇）
"行走的竞赛脑,杨健,杨健,男,共青团员,工商管理学院,级工商管理本科班长,现任工商管理学院学生会副主席,山东女子学院绿之源环保协会会长,在校期间,校级二等奖学金,次,国家励志奖学金,次,在,年获得,校级优秀学生干部,校级优秀学生,优秀共青团员,校级,青年马克思主义者培养工程,优秀学员等荣誉称号,期间积极参加各种比赛活动,获得国家级奖项,次,省级奖项,次,校级奖项,次,院级奖项,次,其中,社团小课堂,童心大梦想,项目获,最佳志愿服务项目,出彩型青年志愿服务项目,荣誉称号,并获得济南市第一届青年志愿服务项目大赛金奖,在,年山东省第一届,新道杯,创新创业模拟企业经营网络对抗赛中获得团体一等奖的好成绩,这个夏天,我希望坐满教室的同学里有你,漫步操场的身影里有你,欢迎大家选择工商管理专业,我在这里等着你们,偏靠实力的颜值担当,纪婧怡,纪婧怡,工商管理学院,级人力资源管理专业学习委员,学年任学院副主席,晨曦文学社会长,在校期间获校级一等奖学金,次,二等奖学金,次,优秀学生干部,次,优秀学生,次,优秀团员,次,优秀信息员,次,获得全国暑假三下乡,优秀学生,称号,山东省,新道杯,人力资源案例大数据分析一等奖,山东省,精创教育杯,大学生人力资源管理技能挑战赛优胜奖,并积极参加多项校院级比赛并荣获奖项,小可爱们,我听说女院新建了宿舍楼,新建了食堂,还在宿舍安装了空调,不来看看吗,欢迎有兴趣的同学报考山东女子学院人力资源管理专业,我们热忱地期待你们的加入,对学科竞赛说,盛忠厚,盛忠厚,共青团员,工商管理学院人力资源管理本,级,班班长,曾担任,届工商管理学院学生会组织部副部长,在校期间多次获得校级奖学金,优秀学生,次,优秀团员,次,积极参加学校组织的各项活动,多次获得奖项,在第十六届全国大学生,挑战杯,中作为队长带队冲进省赛,获得省级三等奖,在第五届山东省,互联网,大学生创新创业大赛中获得省级铜奖,大学作为一个崭新的出发点,在这里预祝大家考取好的成绩,我们在女院等你,我在工商管理学院等你,我在人力资源管理专业等你,荣誉称号和学科竞赛的双头射手,宋建壮,宋建壮,共青团员,工商管理学院市场营销,春季高考,本班,曾任院学生会秘书处部长,现任校通讯站站长,在校期间多次参与院级校级活动,多次策划,承办院级活动,连续参与两届全国大学生暑期三下乡支教活动,带领团队获得多项宣传荣誉,在,年获得,镜头中的三下乡,优秀通讯员奖,积极响应学校号召参加科技类竞赛,在,年获得第十六届挑战杯山东省大学生课外学术科技作品竞赛三等奖,我保证,绝不做军训时坐在操场吃西瓜的学长,这个夏天,我的冷饮分你一半,欢迎大家选择市场营销专业,我在女院等着你们,学习竞赛两不误,赵明凯,赵明凯,共青团员,工商管理学院市场营销,春季高考,本班体育委员,现任山东女子学院第四届学生委员会委员,校学生会副主席,校青年志愿者协会会长,在校期间获国家励志奖学金,次,校一等奖学金,次,二等奖学金,次,三等奖学金,次,学习标兵,次,优秀学生,次,优秀学生干部,次,优秀志愿者,次,优秀团员,次,获,年,年全国大学生数学建模竞赛省级二等奖,第十二届,中国电机工程学会杯,全国大学生数学建模比赛三等奖,获,济阳县优秀志愿者,济南市预防肺结核优秀志愿者,山东省暑期三下乡优秀实践个人,山东省优秀学生干部,等荣誉称号,女院是一个大家庭,工商管理学院是一个小家庭,这个家庭很温馨,快点来吧,我在女院等你,我在工管学院等你",2020/7/16,工商大神 等你来！（学生篇――赛场当红）
"体育竞赛界的扛把子,荆广梅,荆广梅,共青团员,体育部部长,工商管理学院市场营销,春季高考,本生活委员,在校期间曾获女子,米第一名,女子,米接力赛第一名,均破校纪录,曾代表山东女子学院女子足球队外出参加两次全国大学生省级足球赛,均获第三名,校内足球比赛中获得团队第四名,在山东女子学院阳光课间操活动中曾获团体第一名,我所获得的各种荣誉,都离不开本学院各老师与同学之间的互相帮助,工商管理学院是一个温馨团结的大集体,每一位老师都满腹经纶,和蔼可亲,每位同学都朝气蓬勃,博学多才,呐,我叫你声学妹,学弟,让你从年头甜到年尾,毕竟你要成为工管的一份子嘛,不见不散,工管等你",2020/7/15,工商大神 等你来！（学生篇――操场爱豆）
"月,日上午,工商管理学院党总支理论中心组组织集体学习,学习两会政府工作报告关于促进就业的论述精神,张可成认为,就业既是,民生,更关涉大学生,人生,促进毕业生高质量充分就业是高校落实立德树人根本任务的内在要求,是办人民满意教育,办人民满意大学的重要指标,今年,受新冠疫情影响,高校毕业生就业形势非常严峻,学院制定了,工商管理学院疫情防控期间就业促进工作方案,全力以赴确保,就业服务不打烊,线上招聘不停歇,稳步推进毕业生就业工作,今年学院在促进就业方面的措施和经验值得认真总结梳理,李仕超回顾了学院今年就业的总体情况,年学院共有毕业生,人,学院书记和院长高度重视就业工作,多次开会商讨对策,督促学业指导教师开展就业指导,建立特殊群体毕业生就业帮扶台账,确保湖北籍毕业生,家庭经济困难毕业生实现就业,刘瑶青表示今年的就业工作首次发挥了学生党员的力量,学生党员在关键时刻发挥了带动作用,今后的就业工作中可以继续借鉴,最后,田莉春强调,要从全面贯彻党的教育方针和办人民满意高等教育的高度,充分认识做好就业工作的重要性,从推动人才培养可持续发展的维度深化就业工作,面对新形势,新变化,新目标,新任务,她提出三点要求,一是准确把握形势,高度重视,明确目标,二是完善,全员参与,齐抓共管,的工作格局,加强对毕业生的思想引导,心理疏导,提升学生的就业积极性,自信心,缓解学生求职的无助感,焦虑感,三是加强工作力度和精准度,以人才需求侧与教育供给侧相匹配的原则,结合学院办学定位,办学特色,不断提升人才培养质量,树立良好的办学品牌和社会影响力",2020/6/25,工商管理学院党总支理论中心组开展学生就业工作研讨
"月,日下午,山东链家房地产经纪有限公司市场中心总监朱本英,济南地区总监米磊等一行,人来到我院,向我院捐赠防疫物资,用于学生返校后的防护,这批物质包括一次性医用防护口罩,个,洗手液,瓶,消毒液,箱,学院院长张可成和党总支书记田莉春代表学院接收了物资,并对朱本英一行表示感谢,张可成表示山东链家房地产经纪有限公司的捐赠,充分彰显了爱心企业主动担当的精神,学院将合理有效使用物资,实现物尽其用,切实做好疫情防控工作,确保师生身体健康和生命安全",2020/6/19,山东链家房地产经纪有限公司向我院捐赠防疫物资
"月,日上午,工商管理学院党总支理论中心组组织集体学习,学习全国政协十三届三次会议,十三届全国人大三次会议的会议精神,田莉春领学了第十三届全国人民代表大会第三次会议精神暨政府工作报告有关内容,主要学习政府工作报告中有关去年和今年以来工作回顾,今年重要目标及今年部分重点工作,张可成认为李克强总理的报告仅,多字,但内容涵盖了就业,民生,脱贫攻坚等方方面面,需要深入学习领悟,通过学习政府工作报告,更坚定以实干推动工作,实现目标,在困难中寻找机遇,凝聚发展的信心与定力,王雷谈到此次两会谈成绩客观明了,讲问题不遮不掩,充分体现了,两会,务实求真的作风和实事求是的精神,李仕超表示总理的报告有力量,有内容,有勇气,有决心,体现出人民至上,生命至上的执政理念,让人备受激励和鼓舞,也坚定了我们干事创业的信心和决心,刘瑶青认为政府工作报告中,强调的,要坚持现行脱贫标准,强化扶贫举措落实,确保剩余贫困人口全部脱贫,以及,围绕保障和改善民生,推动社会事业改革发展,充分体现了以人民为中心的发展理念,彰显了我们制度的优越性,相信只要我们奋力前行,一定会度过难关,追求美好生活的愿望一定能实现,最后,田莉春就贯彻落实全国政协十三届三次会议,十三届全国人大三次会议的会议精神提出要求,要继续深入学习,在学习中增强政治定力,进一步增强,四个意识,坚定,四个自信,做到,两个维护,政府工作报告提出今年要扎实做好,六稳,工作,全面落实,六保,任务,这一重大决策部署体现了问题导向,底线思维,民生情怀,突出了中国共产党,以人民为中心,人民至上,的执政理念,我们要在学习中领会精神实质,做到学深悟透,举一反三,触类旁通,使之成为我们解决问题的,金钥匙,同时,作为党员领导干部,不仅要用学习成效统一思想,指导工作实践,在学习中抢抓政策机遇,更好地推动学院发展,也要积极带动教师认真学习好两会精神,将两会精神及时融入到教学中,引导学生充分理解领会,做好时代强音的传递者",2020/5/28,工商管理学院党总支理论中心组学习全国两会精神
"为充分发挥先进典型的引领示范作用,进一步激励广大职工的工作热情和创造活力,山东省总工会,关于表彰,年山东省五一劳动奖和山东省工人先锋号的决定,鲁会,号,对获得,年山东省五一劳动奖和山东省工人先锋号的集体和个人进行了表彰,我院张可成院长荣获山东省五一劳动奖章,此次获得山东省五一劳动奖章的各行各业精英共,名,其中省属高等院校,名,张可成院长是其中之一,张可成,教授,三级,管理学博士,享受国务院特殊津贴专家,山东省本科高等学校教学名师,山东省黄大年式教师团队负责人,学校,北大山人才工程,领军人才,学校优秀教育工作者,先锋共产党员,山东女子学院工商管理学院院长,连锁管理学院院长,兼任中国连锁经营协会校企合作委员会主任委员,中国连锁经营研究基地主任,中国高校市场营销学会常务理事,山东管理学会常务理事等职,张可成教授主持国家社科基金,山东省自然科学基金,山东省社会科学基金等纵向科研课题,项,横向课题,项,多次荣获山东省社会科学成果奖,在高层次期刊发表论文,余篇,其中,农业经济问题,期刊的被引次数达到,次,出版专著,部,主编全国高校规划教材,部,并获省级优秀教材奖,次,此外作为总主编出版全国首套,册高等院校连锁经营与管理专业系列教材,为我国连锁管理人才培养做出了突出贡献",2020/5/18,我院张可成院长荣获山东省五一劳动奖章
"月,日,学校党委副书记王淑霞一行到我院调研,研讨推进全国党建样板支部的建设工作,会议由组织部部长崔晓红主持,学校组织部相关领导,学院党总支成员,样板支部委员参加了会议,工商管理学院样板支部书记朱红祥作了汇报,介绍了样板支部的整体建设思路和支部工作进展,预期成果,经费使用等情况,王淑霞书记肯定了支部的工作,要求支部发挥党员先锋模范作用,密切联系师生,深入其中,同支部一起发挥堡垒作用,在规范支部生活的基础上,总结出可以推广复制的经验,组织部崔晓红部长建议要把握教育部的建设要求,围绕,七个有力,继续加强支部建设,调研中,与会人员围绕样板支部的建设进行了充分讨论,进一步推动了样板支部的建设工作",2020/5/15,学校组织部到我院第一支部调研推进样板支部建设工作
"近日,共青团山东省委表彰了,年度山东省优秀共青团组织及个人,经上级团组织严格评审,我院,暖心向,志愿服务队荣获,山东省共青团和青年工作先进集体,青春志愿服务先进集体,称号,成为全省获得该称号的,个集体之一,我院,暖心向,志愿服务队自,年开始承接由校团委和共青团济南市中区委共建的,社团小课堂,童心大梦想,助困支教项目,近年来,志愿服务队累计服务,余次,受益小学生,余人,共计服务万余小时,开设的,多门社团课程深受小学生喜爱,赢得了家长和学校的认可,团队在暑期开展的社会实践活动曾多次获评团中央,团省委,优秀社会实践团队,位指导教师分获团中央,团省委,优秀指导教师,荣誉称号,余名志愿者分获,志愿服务先进个人,荣誉称号表彰,被大众网,齐鲁网以及人民网等多家媒体累计报道百余次,依托志愿服务队开展的项目曾获山东省基层党建重点项目,济南市,最佳志愿服务项目,荣誉称号和济南市第一届青年志愿服务项目大赛金奖,荣誉的获得是对学院共青团工作的肯定和鞭策,也是对全院各级团组织和广大团员青年的激励与鼓舞,年,在学校党委,团委的领导下,学院团总支坚持以习近平新时代中国特色社会主义思想为指导,深入学习贯彻党的十九大和十九届二中,三中,四中全会精神,围绕学校中心工作,聚焦主责主业,全面推进团的重点工作和自身建设,助力学校事业发展和青年学生成长成才,下一步,学院团总支将以此次表彰为契机,团结带领广大团员青年继承和发扬五四精神,坚定理想信念,站稳人民立场,练就过硬本领,投身强国伟业,始终保持艰苦奋斗的前进姿态,为学校各项事业发展贡献青春智慧和力量,在实现中华民族伟大复兴中国梦的新长征路上奋勇搏击",2020/5/13,学院“暖心向YOUNG”志愿服务队获评“山东省共青团和青年工作先进集体（青年志愿服务先...
"月,日上午,工商管理学院党总支理论中心组组织集体学习,田莉春领学了中纪委第十九届四次全会和省纪委第五次会议精神,张可成认为习总书记在中纪委第十九届四次全会的讲话旗帜鲜明,立场坚定,表明了全面从严治党的坚强意志,为坚持和完善党和国家监督体系,推动全面从严治党向纵深发展指明了方向,王雷认为赵乐际同志所作的工作报告,坚持稳中求进工作总基调,体现了一以贯之的工作标准和要求,具有很强的针对性,指导性,通过集体学习,李仕超表示要提高政治站位,持续推进全面从严治党,党风廉政建设和反腐败工作,刘瑶青表示要始终在思想上,政治上,行动上同以习近平同志为核心的党中央保持高度一致,切实增强,四个意识,坚定,四个自信,做到,两个维护,最后,田莉春就贯彻落实中纪委第十九届四次全会和省纪委第五次会议精神提出要求,一是强化政治思维,把党的政治建设放在首要位置,要牢牢扛起,两个维护,政治责任,以实际行动确保党的路线方针政策及上级党委决策部署在本单位贯彻落实,要善于用政治思维来考虑解决问题,从政治视角,政治站位,政治立场观察处理问题,把,同党中央保持高度一致,变成实实在在的行动,二是持之以恒改作风树新风,落实好学校各项工作任务,健全作风建设长效机制,使作风建设落地生根,三是增强法律意识强化制度建设,促进人才培育质量全面提升,主动适应教育教学改革和发展需要,做好教学科研管理服务各方面制度的完善,全面推进依法办学,科学办学水平",2020/4/30,工商管理学院党总支理论中心组集体学习中纪委第十九届四次全会和省纪委第五次会议精神
"为学习贯彻习近平新时代中国特色社会主义思想,落实,不忘初心,牢记使命,主题教育学习成果,推进学习型党组织建设,进一步激发学生党员,深入学,反复学,长期学,的学习热情,提高学生党员及青年团员的政治意识和理论素养,工商管理学院学生党支部,结合世界读书日契机在,月份开展,以,世界读书日,同读一本书,为主题的,读书交流月,活动,本次活动主要推荐,习近平的七年知青岁月,一书,七年知青岁月,一生黄土之情,该,书,以知青说,村民说,各界说记录了青年,习近平,在梁家河七年的艰苦生活和成长历程,生动再现了习近平对党的无限忠诚,对信仰的坚守笃定以及对百姓的深厚感情,激励广大青年党员深入践行牢记使命,志存高远,脚踏实地,为党尽职的要求,做政治上的明白人,思想上的引航人和人民群众的贴心人,此次活动,学生党支部依托,一纵三横,党建带团建微梯队,学生党员引导学院党员发展对象,入党积极分子及广大团员积极参与读书活动,促进广大党团员提高读书热情,提升政治理论水平,养成日日读,天天悟,周周写的读书习惯和,爱读书,读好书的良好,学习,氛围,学生党员李宝华表示,习总书记七年的知青岁月以坚强的意志克服了当时的严酷考验与巨大困难,这段经历,告诉我们,学生党员,要树立与这个时代主题同心同向的理想信念,勇于担当这个时代赋予的历史责任,不忘初心,励志勤学,刻苦磨炼,敢为人先,将个人的理想追求融入国家和民族的事业中,争做实现中华民族伟大复兴中国梦的坚定实践者和奋力开拓者,通过本次读书活动,全体党员纷纷表示要提高政治觉悟和理论素养,树立矢志不渝,的,理想追求,坚定理想信念,做到,勤学实干,艰苦奋斗,牢记,初心,使命,在社会实践和学校生活中,以自己的实际行动充分发挥党员的先锋模范作用,为成为敢于有梦,勇于追梦,勤于圆梦的新时代青年而不懈努力",2020/4/30,“世界读书日，同读一本书”――工商管理学院学生党支部读书交流月活动
"为深入学习贯彻习近平新时代中国特色社会主义思想和党的十九大精神,全面推进,两学一做,学习教育常态化制度化建设,积极培育和践行社会主义核心价值观,不断丰富党员教育培训的内容和形式,工商管理学院学生党支部开展,守初心,明方向,促行动,精品微党课系列教育活动,以大学生喜闻乐见,易于接受的方式,重温革命历史,述说感人故事,解读理论热点,回顾峥嵘岁月,展示发展成就,为广大学生党员和入党积极分子呈现一个个精彩纷呈的微党课,月,日,学生党支部为切实提高学生党员自觉学习红色传统,传承红色基因的本领,增强知史爱党,知史爱国的能力,以,追思先烈,传承红色基因,为主题开展了第一期精品微党课活动,工商管理学院学生党支部全体学生党员以及入党积极分子代表参加了此次活动,活动伊始,学生党员刘梦杰讲述了,两弹一星,元勋钱学森先生的故事,真实展现了中国优秀知识分子爱国,创新,奉献的风骨精神,在答疑互动环节,通过热点问题的解答,进一步学习感悟钱老先生坚定的革命理想信念,促使广大学生党员更加明确政治方向,坚定理想信念,提高责任意识,始终保持艰苦奋斗,求真务实的工作作风,立足岗位建功立业,做一名合格的共产党员,活动最后,学生党支部书记向全体学生党员提出以下要求,不断提高从,谈中学,在,学中做,实现,做中传,的本领,将理智的爱国精神付诸于自己的实践中,勤奋学习,热爱生活,树立正确的世界观,人生观,价值观,把握爱国的本质特征和时代内涵,传承红色基因,把人生理想融入国家和民族的事业中,展示新一代大学生的良好精神风貌,为实现中华民族伟大复兴的中国梦贡献青春力量,此次,追思先烈,传承红色基因,精品微党课活动,引导学生党员时刻铭记革命先辈光荣事迹,同时铭记在抗击新冠肺炎疫情斗争中用生命守护我们的英雄,树立正确的英雄观和历史观,刻苦钻研学习,不断锐意进取,开拓创新,勇担时代使命,以永不懈怠的精神状态和勇往直前的奋斗姿态砥砺前行,为实现中国梦凝聚青春力量",2020/4/27,“守初心 明方向 促行动”――工商管理学院学生党支部第一期精品微党课活动
"为更好地做好疫情防控期间毕业生就业服务工作,进一步加强就业分类精准指导,我院于,月,日,通过,群课堂开展工商管理学院,考研复试与调剂,云辅导,活动,本次活动特邀请学院考研指导专家黄世国博士给同学们答疑解惑,余名同学参加了活动,围绕,疫情防控期间的考研复试与调剂,这条主线,黄博士一方面告诉同学们要及时关注招考学校关于复试的通知要求,做好线上复试的准备,同时详细介绍了复试的流程,要领,注意事项以及复试中的一些技巧,另一方面介绍了考研调剂的相关事项,对调剂的流程,注意事项,调剂的诀窍以及调剂中的三大误区作了重点说明,并结合近几年考研学长学姐调剂成功的实例告诉大家,擦线而过,未进复试或一面失败一定不要放弃,只要要用好调剂政策,坚定信心,完全有机会逆袭上名校,最后,黄博士强调,要注重科学复习规律,在考研复试或调剂过程中要有一个良好的心态,保持一颗平常心,勇敢面对,本次,云辅导,不仅为我院考研学子提供了一个交流和借鉴的平台,也在一定程度上缓解了考研同学的复试压力,为接下来的面试提供了宝贵的经验,相信此次,云辅导,一定能够为即将开始考研复试的同学和有可能面临调剂的同学提供帮助,助力同学们顺利通关",2020/4/21,【工管零距离】“通往未来的路，我们与你同行”――工商管理学院开展2020考研复试与调...
"为全面贯彻落实习近平新时代中国特色社会主义思想,深入学习贯彻总体国家安全观,提高学生党员爱国意识和国家安全法治意识,工商管理学院学生党支部在组织党员,积极分子收看,千万学生同上一堂国家安全教育课,全民国家安全教育日宣传片及相关案例的,基础上,于,月,日下午,运用企业微信平台开展了,维护国家安全,你我人人有责,主题党日活动,工商管理学院学生党支部全体党员及部分入党积极分子共,人参加了此次活动,会议伊始,学生党员刘娇同志带领大家共同学习,习近平论坚持总体国家安全观,年,中习近平总书记关于维护国家政治安全,生物安全,公共卫生安全,经济安全等的重要指示和重要讲话精神,学生党员代表和入党积极分子代表依次交流学习心得,预备党员任民同志在交流中提到,通过本次专题学习,我真正认识到国家安全人人有责,在国家安全面前,没有人是局外人,也没有人可以做旁观者,我们每一个人都应该重视国家安全,树立总体国家安全观,作为中华儿女,捍卫国家安全,第一位的就是要爱国,国家利益高于一切,在面对利益诱惑的时候,必须以国家利益为重,必须保持内心的清明,自觉与间谍行为做斗争,面对新冠肺炎疫情重大挑战,学生党员应带头树立总体国家安全观,迎难而上做好力所能及的事情,自觉担负起维护国家安全的责任与义务,从自己做起,从小事做起,从现在做起,锤炼过硬本领,维护国家安全,最后,全体与会人员进行了全民国家安全教育日线上知识竞赛,本次主题党日活动,普及了国家安全知识,进一步提升了党员同志的国家安全意识,厚植爱国主义情怀,更坚定了党员同志不忘初心,牢记使命,为实现中华民族伟大复兴的中国梦不懈努力奋斗的信心和决心",2020/4/18, “维护国家安全，你我人人有责”――工商管理学院学生党支部主题党日活动 
"月,日下午,学院党总支理论中心组组织专题学习,学习了中共中央办公厅,党委,党组,落实全面从严治党主体责任规定,学院党总支全体成员参加了会议,会议由田莉春主持,会上田莉春传达了宣传部关于,年下半年意识形态工作巡察情况小结及,年校内巡察工作部署,年理论中心组学习安排及关于进一步加强和规范理论中心组学习的通知精神,带大家共同学习中共中央办公厅,党委,党组,落实全面从严治党主体责任规定,与会人员表示,规定,的出台进一步夯实了各级党委,党组,落实全面从严治党主体责任,书记第一责任人责任和班子成员领导责任,为新时期全面从严治党指明了方向,提供了遵循,意义重大,规定,在责任内容,责任落实,监督追责等方面提出了具体要求,我们必须发扬斗争精神,开展严肃认真的批评和自我批评,切实履行全面从严治党第一责任人职责,重要领导责任,田莉春在总结时强调,作为党的领导干部要进一步增强使命感和责任感,不断增强,四个意识,坚定,四个自信,做到,两个维护,的政治自觉,要加强学习宣传,带头遵守执行全面从严治党各项规定,自觉接受党组织,党员和群众监督,在全面从严治党中发挥表率作用,要高度重视意识形态工作,既要坚持日常学习教育,更要明确责任,完善制度,推动意识形态工作不折不扣落实到位,全面从严治党关键是,责,字要当头,要切实把主体责任扛在肩上,严格落实全面从严治党责任制,把全面从严治党的新成效转化为学院高质量发展的效能",2020/3/31,工商管理学院党总支理论中心组学习中共中央办公厅《党委(党组)落实全面从严治党主体责...
"为进一步加强疫情防控期间学生党员的思想政治教育,坚定打赢疫情防控的人民战争,总体战,阻击战的坚强决心,教育引导全体党员增强,四个意识,坚定,四个自信,做到,两个维护,工商管理学院学生党支部于,月,日组织全体学生党员,入党积极分子观看纪录片,人民至上,习近平指挥战,疫,进行时,该片是中央广播电视总台近期推出的时政纪录片,记录了新冠肺炎疫情发生后,以习近平同志为核心的党中央高度重视,时刻关注,把疫情防控作为头等大事来抓,亲自指挥部署,打赢疫情防控的人民战争,总体战,阻击战的坚强决心和,把人民群众生命安全和身体健康放在第一位,的坚定宣言,认真观看纪录片后,我院学生党员及入党积极分子从制度优势,人民力量以及青年责任担当等多个方面展开交流讨论,一场没有硝烟的战争,是对中国共产党以及党领导的社会主义制度优越性的考验,要打赢疫情防控阻击战,又要把经济发展造成的影响降到最低,这是一场前所未有的挑战,以习近平同志为核心的党中央力挽狂澜,奋力夺取实现疫情防控和全国经济发展双赢,不仅受到人民的高度支持,也受到世界各地的高度赞扬,再次证明了中国共产党领导的社会主义制度的优越性,中共党员,王钧漪,面对来势汹汹的疫情,全国人民在中国共产党的领导下团结一心,共同迎战共同的敌人,尽管我们付出了巨大的牺牲,但最终向人民,向世界交出了一份优秀的,答卷,在抗疫前线,无数的共产党员和基层工作人员,秉持着,从群众中来,到群众中去,的工作方法,坚持,全心全意为人民服务,的宗旨,给群众打了一针,强心剂,向世界展示了一个大国应有的责任和担当,中共党员,马明扬,观看了,人民至上,纪录片,在坚定党中央领导的同时,我也被视频背后无数个最美逆行者深深感动,猝不及防的疫情来临,毫无畏惧的冲锋战疫前线,他们每一个人都秉承着同一个信念,人民至上,生命至上,正是,人民至上,这四个大字,让无数人冲锋战疫前线,忘却小我,成就大我,此生无悔入华夏,来生愿在种花家,积极分子,市场营销专,王伶,通过观看纪录片,我看到了抗,疫,战过程中,党和政府始终把人民群众的生命安全和身体健康放在首位,面对疫情,我们党快速,果断的做出应急反应,积极地制定防,疫,抗,疫,战略,有效的控制了疫情的扩散,作为一名入党积极分子,我们要树立忧患意识,坚持党的领导,刻苦学习,坚决服从抗疫的重大战略,要树立必胜的信念,相信在党的领导下中华民族一定会取得这场战役的胜利,积极分子,工商管理本李璇,通过共同观看,人民至上,习近平指挥战,疫,进行时,纪录片活动,学生党员们再一次深刻感受到祖国强大的领导能力,应对能力,组织调配能力以及贯彻执行能力,坚定了在以习近平总书记为核心的党中央领导下,打赢疫情防控的人民战争,总体战,阻击战的决心,更增强了青年的民族自豪感与家国责任感",2020/3/28,观《人民至上》 讲好“中国战疫故事”――工商管理学院学生党支部线上主题党日活动
"近日,中共山东省委高校工委发文公布了第三批,山东高校辅导员领航工作室,名单,我院党总支副书记刘瑶青主持的全体辅导员参加的以研究女大学生教育管理为研究方向的辅导员工作室成功入选,据悉,本次评选经过高校申报,专家评审,现场答辩,公开公示等程序,全省共确定,了个辅导员领航工作室,其中立项建设,个,培训建设,个,我校刘瑶青工作室为立项建设项目,我院历来重视辅导员队伍建设,在经费支持,政策制定等方面为辅导员发展搭平台,拓空间,此次入选山东高校辅导员领航工作室,是对我院学生工作特别是辅导员队伍建设工作的肯定,今后,学院将进一步加强团队建设和管理,充分发挥名师工作室的辐射带动作用,加强辅导员队伍职业化,专业化,专家化发展,提升我院学生工作队伍的育人成效",2020/3/24,我院刘瑶青工作室入选第三批“山东高校辅导员领航工作室”
"不久前的,三八节,山东女子学院的女生满益秀收到了一份特殊的礼物,这是一个沉甸甸的包裹,里面装满了教材和各种学习资料,收到,学习大礼包,的她激动地差点哭了,因为她再也不用为停电或者没有网络信号而焦虑不堪了,家在贵州省东南苗族侗族自治州榕江县两汪乡空烈村的她,是山东女子学院工商管理学院大二的学生,受疫情防控的影响,现在正居家线上学习,然而由于她的家乡地处偏僻山村,受气候条件限制,经常停电,即便有电的时候,网络信号也不稳定,家里没有安装,有电的时候我得去朋友家蹭网上课,最近的朋友也要一里山路,她说,最怕的是遇到阴雨天停电,一旦停电就彻底没办法上线上直播课了,只能在家点蜡烛自学,虽然条件艰苦,但她的语气淡定,对学习充满了信心,之前特别焦虑,怕因此被他同学们落下,但是自从收到学校寄来的包裹,心里就安定了,她说,她记得很清楚,月,日,有电话通知她去收包裹,是学校寄的,她辗转从镇上拿回包裹,打开后眼眶就湿了,那是整套的课程教材,还有打印出来的一门门课的学习材料,还有一个,盘,里面是学院老师给下载的课程的直播课视频资料,太及时,太宝贵了,她说,更让她感动的是,这个,盘里还有一个表格,上面是每位任课老师的课程任务单,联系方式,一旦遇到任何困惑或难题,随时可以联系任课老师,这孩子挺让人心疼的,满益秀的辅导员孔圆圆对记者说,在配合疫情防控开展线上教学之前,学院就专门针对学生的学习设施和环境条件做了调研,满益秀的情况是最特殊的,这孩子很懂事,学习也很刻苦,我跟学院汇报了她的情况,学院领导和任课老师都很重视,工商学院副院长李仕超了解情况后,跟所有任课老师取得联系,任课老师都根据自己学科的特点提供了最全面的学习资源,除了本学院的专业课老师,来自其他学院的任课老师也积极提供学习资源和视频课程,李仕超老师把相关资料打包以最快速度寄了过去,听到孩子说收到材料了,心里才安心了一些,她说,线上学习还在进行,有些条件学院无法改变,只能尽可能的去帮助解决学习难题,确保每一位孩子都能跟得上教学节奏,不让任何一个在线上学习环节落下,全方位无死角确保,停课不停学,据悉,满益秀并不是被帮学的个例,自,月,日起,山东女子学院线上教学正式开课以来,除少数对实验条件,开课环境有特殊要求的课程外,基本上做到了,应开尽开,开课三周来,已有,门课程实施,线上教学,为确保教学效果,让每一位学生都能跟得上教学节奏,各学院在实施教学之前,对全体学生使用网络教学平台情况进行摸底调查,确保每一位同学能够跟上教学进度,在线学习一个不落下,此外,学校为做好教学资源保障,第一时间联系教材出版社,向学生免费提供了大部分在线教材资源,对于一些实验课程,学校组织选用国家虚拟仿真实验教学项目共享平台,校内在线虚拟仿真实验平台开出实验课程,较好地保障了线上教学的顺利实施,疫情防控正当前,线上学习进行时,面对这个沉甸甸的学习大礼包,满益秀更加坚定了好好学习的信心和决心,学校老师们对我如此贴心,我一定得好好学习,否则对不起他们的期望,满益秀,你在家乡认真学习的样子真美",2020/3/23,【学习强国】校园文化｜山东女子学院：“学习大礼包”确保在线学习一个不落下
"近日,家在贵州省东南苗族侗族自治州榕江县两汪乡空烈村的女大学生满益秀收到了母校山东女子学院寄来的沉甸甸的大包裹,里面装满了教材和学习资料,收到,学习大礼包,的她激动地差点哭了,因为她再也不用为停电或者没有网络而焦虑了,满益秀是山东女子学院工商管理学院大二的学生,受疫情影响,现在正居家线上学习,然而由于她的家乡地处偏僻山村,受气候条件限制,经常停电,即便有电,网络信号也不稳定,家里没有安装,有电的时候我得去朋友家蹭网上课,最近的朋友也要一里山路,她说,最怕的是遇到阴雨天停电,就彻底没办法上线上直播课了,只能在家点蜡烛自学,虽然条件艰苦,但她语气淡定,对学习充满了信心,之前特别焦虑,怕落下,但自从收到学校寄来的包裹,心里就安定了,她记得很清楚,月,日,有电话通知她去收包裹,是学校寄的,她辗转从镇上拿回包裹,打开后眼眶就湿了,那是整套的课程教材,还有打印出来的一门门课的学习材料,还有一个,盘,里面是学院老师给下载的课程的直播课视频资料,太及时,太宝贵了,她说,更让她感动的是,这个,盘里还有一个表格,上面是每位任课老师的课程任务单,联系方式,一旦遇到任何困惑或难题,随时可以联系任课老师,这孩子挺让人心疼的,满益秀的辅导员孔圆圆对记者说,在配合疫情防控开展线上教学之前,学院就专门针对学生的学习设施和环境条件做了调研,满益秀的情况是最特殊的,这孩子很懂事,学习也很刻苦,我跟学院汇报了她的情况,学院领导和任课老师都很重视,山东女子学院工商管理学院副院长李仕超了解情况后,跟所有任课老师取得联系,任课老师都根据自己学科的特点提供了最全面的学习资源,除了本学院的专业课老师,来自其他学院的任课老师也积极提供学习资源和视频课程,李仕超老师把相关资料以最快速度寄了过去,据该校教务处介绍,满益秀并不是被帮的个例,自,月,日起,山东女子学院线上教学正式开课,三周来,已有,门课程实施,线上教学,各学院在实施教学之前,对全体学生使用网络教学平台情况进行摸底调查,确保每一位同学能够跟上教学进度,一个不落下,此外,该校为做好教学资源保障,第一时间联系教材出版社,向学生免费提供大部分在线教材资源,对于一些实验课程,学校组织选用国家虚拟仿真实验教学项目共享平台,校内在线虚拟仿真实验平台开出实验课程,较好地保障了线上教学的顺利实施",2020/3/19,【中国妇女报】山村蹭网上课的女大学生收到母校“学习大礼包”
"中国教育报,中国教育新闻网讯,记者,张兴华,通讯员,李君,郭静,近日,家在贵州省东南苗族侗族自治州榕江县两汪乡空烈村的满益秀收到了母校寄来的沉甸甸的大包裹,里面装满了教材和学习资料,收到,学习大礼包,的她激动地差点哭了,她再也不用为停电或者没有网络而焦虑了,满益秀是山东女子学院工商管理学院大二的学生,受疫情影响,现在正居家线上学习,然而由于她的家乡地处偏僻山村,受气候条件限制,经常停电,即便有电,网络信号也不稳定,家里没有安装,有电的时候我得去朋友家蹭网上课,最近的朋友也要一里山路,她说,最怕的是遇到阴雨天停电,就彻底没办法上线上直播课了,只能在家点蜡烛自学,虽然条件艰苦,但她语气淡定,对学习充满了信心,之前特别焦虑,怕落下,但自从收到学校寄来的包裹,心里就安定了,她记得很清楚,月,日,有电话通知她去收包裹,是学校寄的,她辗转从镇上拿回包裹,打开后眼眶就湿了,那是整套的课程教材,还有打印出来的一门门课的学习材料,还有一个,盘,里面是学院老师给下载的课程的直播课视频资料,太及时,太宝贵了,她说,更让她感动的是,这个,盘里还有一个表格,上面是每位任课老师的课程任务单,联系方式,一旦遇到任何困惑或难题,随时可以联系任课老师,这孩子挺让人心疼的,满益秀的辅导员孔圆圆对记者说,在配合疫情防控开展线上教学之前,学院就专门针对学生的学习设施和环境条件做了调研,满益秀的情况是最特殊的,这孩子很懂事,学习也很刻苦,我跟学院汇报了她的情况,学院领导和任课老师都很重视,工商学院副院长李仕超了解情况后,跟所有任课老师取得联系,任课老师都根据自己学科的特点提供了最全面的学习资源,除了本学院的专业课老师,来自其他学院的任课老师也积极提供学习资源和视频课程,李仕超老师把相关资料以最快速度寄了过去,据该校教务处介绍,满益秀并不是被帮的个例,自,月,日起,山东女子学院线上教学正式开课,三周来,已有,门课程实施,线上教学,各学院在实施教学之前,对全体学生使用网络教学平台情况进行摸底调查,确保每一位同学能够跟上教学进度,一个不落下,此外,该校为做好教学资源保障,第一时间联系教材出版社,向学生免费提供大部分在线教材资源,对于一些实验课程,学校组织选用国家虚拟仿真实验教学项目共享平台,校内在线虚拟仿真实验平台开出实验课程,较好地保障了线上教学的顺利实施",2020/3/18,【中国教育新闻网】山东女子学院山村蹭网上课的学生收到“学习大礼包”
"大众网教育,海报新闻讯,最近,满益秀每天都醒的很早,第一件事儿就是看手机上的天气预报,若是晴天,她心里就安心了,若是阴雨天,她就忧心忡忡,她在担心是否会停电,是否能有网络信号,家在贵州省黔东南苗族侗族自治州榕江县两汪乡空烈村的她,是山东女子学院工商管理学院大二的学生,受疫情防控的影响,现在正居家线上学习,然而由于她的家乡地处偏僻山村,受气候条件限制,经常停电,即便有电的时候,网络信号也不稳定,家里没有安装,有电的时候我得去朋友家蹭网上课,她说,停电了就彻底没办法上线上直播课了,只能自学,虽然条件艰苦,但她的语气淡定,对学习充满了信心,因为我有特殊的学习资源,她说,满益秀所说的特殊的学习资源是来自工商管理学院的一个大大的包裹,就在,月,日,她被通知去收一件包裹,是学校寄给她的,等她辗转从镇上拿回包裹,打开后差点激动哭了,那是整套的课程教材,还有打印出来的一门门课的学习材料,还有一个,盘,她说,那个,盘里是学院老师给下载的课程的直播课视频资料,太及时,太宝贵了,她说有了这些学习资料,即便停电的时候,她也不再那么焦虑不安,这个,盘里还特意下载了一个表格,上面是每位任课老师的课程任务单,联系方式,一旦遇到任何困惑和难题,随时可以联系到任课老师,这下完全可以跟得上大家的脚步了,这孩子的情况挺让人心疼的,满益秀的辅导员孔圆圆说,在配合疫情防控开展线上教学之前,学院里就专门针对学生的学习设施和环境做了调研,对班级所有同学的情况做了了解,满益秀的情况是最特殊的,这孩子很懂事,学习也很刻苦,针对她的情况,我跟学院进行了汇报,学院领导和任课老师们都很重视,提出了一个原则,想方设法,不让任何一个孩子在线上学习环节落下,根据迅速制定的帮学方案,工商管理学院副院长李仕超了解情况后,跟所有任课老师取得联系,进行了沟通,任课老师们都根据自己学科的特点提供了最全面的学习教材和资源,除了专业课老师,数科学院季振东,马克思主义学院王鲁,外语教学部刘彩云等任课老师也积极提供了学习资源和视频课程,李仕超把相关的资料打印成册,把视频资源下载到,盘中,以最快的速度发顺丰寄了过去,听到孩子说收到材料了,心里才安心了一些,她说,线上学习还在进行,有些条件学院无法改变,只能尽可能的去帮助解决学习难题,确保每一位孩子都能跟得上教学节奏,不落下,全方位无死角确保,停课不停学,面对这个沉甸甸的学习大礼包,满益秀更加坚定了好好学习的决心,学校老师们对我这么好,我一定得好好学习,否则对不起他们,疫情防控正当前,有人在一线战疫守护生命安全,有人在后方居家蹭网学习长少年志气,我们都在完成自己的使命,满益秀,你在家乡认真学习的样子真美",2020/3/17,【大众网教育・海报新闻讯】女院“学习大礼包”助力山村学子线上学习
"年工商管理学院党总支将以习近平新时代中国特色社会主义思想为指导,认真履行党建主体责任,按照,夯实基础,提高水平,培育亮点,突破难点,的工作思路,以创新为动力,以落实责任为抓手,基础工作抓规范,重点工作抓特色,全面加强党建和思想政治工作,为学院建设和发展提供政治保障,一,全力做好疫情防控工作,深入学习贯彻习近平总书记关于新冠肺炎疫情防控工作的重要讲话和重要指示精神,认真落实学校疫情防控工作的部署要求,全面做好各项防疫防控工作,成立学院疫情防控工作小组,书记,院长为,第一责任人,做好师生健康状况摸排,严格落实,日报告,零报告,制度,开展疫情防控知识普及,引导师生坚定必胜信念,保持积极乐观健康向上的良好心态,统筹做好开学前和开学后的各项防控工作,教育引导党员干部勇于担当,主动作为,严格作风,充分发挥模范带头作用,二,突出政治建设的统领地位,深入学习贯彻习近平新时代中国特色社会主义思想和党的十九届四中全会精神,执行党的教育方针,以实际行动和党中央保持高度一致,抓好党员领导干部的学习,党总支理论学习中心组每月,次理论学习,将理论学习与工作实际紧密结合,针对学院发展中存在的问题和重点工作,组织专题研讨,开展专题调研,推动解决实际问题,每月至少召开,次总支会,研究基层党建,思想政治,廉政建设等工作,执行民主集中制,落实党政联席会制度,重大事项集体讨论决定,组织好党员政治理论学习,党总支书记,副书记,支部书记每学期上,次党课,抓好,学习强国,学习,三,推进过硬党支部建设,认真落实不忘初心,牢记使命的制度,以创建党建工作样板支部为抓手,持续推进基层党组织标准化,规范化建设,继续实施党支部,旗帜工程,制定党支部谈心谈话制度,党员评价考核办法等制度,严格落实,三会一课,组织生活,民主评议党员等制度,抓好,六个一,活动,建立党员志愿服务团队,开展志愿服务主题实践活动,开展,三师,创建工作,将师德师风教育和业务素质提升贯穿于支部建设过程中,引导教工党员争做思想导师,专家大师和生活良师,促进支部建设与个人成长和推动事业发展紧密联系,按照组织,发展程序,做好发展党员工作,积极引导高层次人才,优秀青年教师向党组织靠拢,在实践基础上探索党建带团建,团建促党建梯队建设新方法,完善,支部建设,做好,发展党员纪实系统信息录入,规范支部档案,四,抓实意识形态工作,把深入学习习近平新时代中国特色社会主义思想,习总书记关于教育方面的重要讲话精神作为理论武装的重点任务,教工每月,次政治理论学习,坚持思想政治工作分析制度,通过信息员,笔尖上的交流,设立,恳谈日,等形式了解师生思想动态,落实班子成员联系教研室制度,每学期班子成员与师生谈话不少于,次,深入课堂听课不少于,次,落实意识形态工作责任制,加强对课堂,学院网站,宣传栏,群,学术报告,论坛的监管,执行,一事一报,制度,继续抓好防范和抵御校园传教工作,及时排查分析,加强教育引导,加强师德师风建设,开展师德师风评议,从实际工作出发,做好各方面先进典型的发现,培养,树立和宣传推广工作,开展宣传工作研究,进一步丰富和深化网络宣传引领的新渠道,新模式,做好宣传骨干的培训与指导,五,加强党风廉政建设,落实党风廉政建设主体责任和领导干部的,一岗双责,抓实党风党纪,法律法规教育,开展廉政谈话,严肃党的纪律,落实中央八项规定,学校党风廉政建设各项制度,梳理学院廉政风险点,加强对重点岗位及其风险点监督检查,继续推行党务公开,政务公开,六,推进学生工作,强化学生思想引领,弘扬社会主义核心价值观,适时开展理想信念教育,爱国主义教育,文明素质养成教育,优秀传统文化教育,诚信感恩教育,加强班级管理,持续推进,三零班级,创建,启动,六个一,工程,本科生在校期间参与院级以上立项,个,志愿服务,次,院级以上比赛,次,写学术论文,篇,写专业文书,篇,获院级以上奖项,个,举办学习,实习经验分享交流会,组织好大学生课题,创青春等竞赛,推动良好学风形成,做好,绿之源,营销社团活动指导,继续开展,社区小课堂,同心大梦想,罗而小学,催马小学等志愿服务活动,提升学生综合素质,将学院特色学生工作常做常新,开展心理健康教育,启动心理健康两周一上报制,做好心理健康状况摸排,开展针对心理健康队伍,心理委员,心灵天使,的一月一期培训工作,抓好新生入学教育,毕业生离校教育,精准帮扶,宿舍管理,评先树优等相关工作,加强辅导员,班主任,团学干部队伍建设,严格每周,次辅导员例会,每月,次辅导员,班主任,集体学习,每学期,次学生干部工作经验交流,打造学习型学生工作队伍,七,做好群团校友等工作,落实中央群团工作会议精神,反映师生呼声,维护师生合法权益,组织教职工健康知识讲座等群众性文体活动,扩大群团组织的影响力和凝聚力,深入推进基层共青团改革工作,班团一体化建设取得实质性进展,抓好智慧团建,三会两制一课,做好统战工作和校友工作,凝心聚力为学校发展做贡献,八,抓好安全稳定工作,落实安全责任制,加强安全排查和防控工作,做好特殊学生的跟踪,教育与管理,发挥辅导员,班主任,学生骨干作用,健全信息反馈机制,有效化解矛盾和问题,定期开展安全教育,提高师生的安全防范意识,工商管理学院党总支",2020/3/13,工商管理学院2020年党建工作计划
"月,日下午,学院党总支理论中心组组织专题学习,学习了习近平总书记在统筹推进新冠肺炎疫情防控和经济社会发展工作部署会议上的重要讲话,对统筹推进学院疫情防控和线上教学工作进行了部署安排,学院党总支全体成员参加了会议,会议由田莉春主持,田莉春首先领学了习近平总书记,月,日在统筹推进新冠肺炎疫情防控和经济社会发展工作部署会议上的重要讲话,张可成表示习近平总书记的重要讲话全面总结了疫情防控工作情况,深刻分析了疫情防控形势及对经济社会发展的影响,明确提出统筹推进疫情防控和经济社会发展工作的总体要求,重点任务,重大举措,在疫情防控,复工复产的关键阶段,为我们打赢疫情防控人民战争,总体战,阻击战指明了方向,明确了路径,划定了重点,我们要深入学习领会总书记重要讲话精神以及关于应对新冠肺炎疫情工作的系列重要讲话和批示指示精神,坚决贯彻落实党上级党委关于疫情防控各项决策部署,按照,坚定信心,同舟共济,科学防治,精准施策,总要求,切实履行工作职责,坚决克服麻痹思想,厌战情绪,侥幸心理,松劲心态,继续毫不放松抓紧抓实抓细疫情防控各项工作,学习中,大家一致表示要把疫情防控作为当前最重要的工作来抓,认真贯彻落实党中央决策部署和上级教育主管部门要求,始终把师生生命安全和身体健康放在第一位,毫不放松抓好疫情防控工作,有序组织线上教育教学工作,田莉春在总结时强调,我们要进一步提高认识,绷紧防控之弦,坚决贯彻习近平总书记关于疫情防控重要讲话精神和学校党委关于疫情防控工作部署要求,全面做好各项防疫防控工作,落实好学校关于在线教育教学的工作部署,精确掌握在线教学过程中的动态,及时解决可能出现的各类问题,确保,教师停课不停教,学生停课不停学,要做好毕业年级学生毕业论文的指导工作,跟进学生的就业工作,在保证安全的前提下,督促毕业生利用网络招聘的渠道求职应聘,学校,月,日将举办网络招聘会,请大家发动学生积极参加,立足学生居家学习实际,强化心理干预和人文关怀,引导学生坚定必胜信念,保持积极乐观健康向上的良好心态,要引领党员勇于担当,主动作为,严格作风,为师生发挥表率作用,确保疫情防控工作和春季学期开学前后各项日常工作稳步推进",2020/3/7,工商管理学院党总支理论中心组学习贯彻习近平总书记重要讲话精神 统筹推进疫情防控和教...
"疫情发生以来,工商管理学院党总支认真学习贯彻习近平总书记对疫情防控工作的重要指示精神,积极落实学校党委各项工作部署,坚持把打赢疫情防控阻击战作为当前最重要的工作做细做实,为进一步了解师生情况,分享工作经验,更好地发挥党员先锋模范作用,月,日,工商管理学院教工第一党支部和教工第二党支部全体党员利用,平台开展了,守初心担使命,稳防控促教学,疫情防控线上主题党日活动,活动由教工党支部书记朱红祥,江苏芬分别主持,活动中,支部书记带领党员同志们学习了,习近平总书记在统筹推进新冠肺炎疫情防控和经济社会发展工作部署会议上的重要讲话,山东省高等学校,年春季学期疫情防控工作指导手册,传达了学校关于疫情防控的相关文件精神,要求全体党员深入学习领会习近平总书记关于疫情防控重要指示批示精神,认真贯彻落实上级党组织各项部署要求,以身作则,率先垂范,充分发挥党员的先锋模范作用,教工第一党支部的党员们结合自身实际,就落实,网络授课,的具体做法进行了热烈讨论,大家一致认为,学院近年来组建的课程组在这次疫情期间的网络授课中发挥了突出作用,田珊老师发言讲到,她们课程组三位教师约定好每天上午二小时集中备课,在网上讨论如何录播视频,如何讲授,如何布置作业,成果,视频资料完全共享,课堂效果非常好,苗盼,李宏洁等老师就课程组共同制定课程任务单的具体做法提出了很多好的建议,教工第二党支部的党员们就落实学业指导老师对,届毕业生毕业论文,就业在线指导的具体做法,进行了热烈讨论,大家一致认为,虽然学生不返校,师生不能见面,但是论文指导和就业指导不能放松,老师们集思广益,充分利用各种信息技术,提出了很多行之有效的方法以更好地指导学生,刘培标老师发言讲到,他组织自己的学生在群里开视频会议,集中讲解论文写作的相关技巧,曹丽老师提出把论文的国内外研究综述,研究方法,结论等如何撰写分门别类写成小文章,发给学生学习等,效果非常好,两个支部党员们讨论热烈,积极踊跃,两个会议都开了近三个小时,活动最后,学院书记田莉春,院长张可成分别代表党总支对两个教工支部党员提出要求,一是切实增强,四个意识,坚定,四个自信,做到,两个维护,以实际行动同党中央保持高度一致,二是坚决贯彻习近平总书记关于疫情防控重要讲话精神,认真落实中央,省,市和学校疫情防控工作部署,全面做好各项防疫防控工作,三是增强责任意识,扎实开展学校关于在线教育教学的各项工作,四是立足防疫期间学生居家学习实际,加强对学生的关怀教育,引导学生坚定必胜信念,保持积极乐观健康向上的良好心态,五是发挥先模作用,勇于担当,主动作为,严格作风,为师生做表率,统筹做好疫情防控工作和春季学期开学前后各方面工作",2020/3/1,工商管理学院教工党支部召开“守初心担使命，稳防控促教学”主题党日活动
"根据教育部,关于,年春季学期延期开学的通知,教育部,关于在疫情防控期间做好普通高等学校在线教学组织与管理工作的指导意见,山东省教育厅,关于做好疫情防控期间实习实训管理工作的通知,关于做好疫情防控期间普通高等学校教学组织与管理工作的通知,要求,及学校,新型冠状病毒感染肺炎疫情防控期间教学管理工作实施方案,疫情防控领导小组部署,工商管理学院实际情况,学院成立了,工商管理学院疫情防控期间教学管理工作小组,积极组织老师开展线上教学,并形成了以,学习任务单,为抓手的线上教学模式,一,学习任务单的形成,学院接到要组织线上教学的任务后,积极组织老师学习,结合年前一流课程申报的相关经验,要求老师以,学习任务单,为抓手,组织线上教学,学习任务单是依据学情分析,为达成学习目标而设计的线上学习活动的载体,具有导向性,支架性,合作性等基本特征,形式可以多样,但必须有明确的学习要求,学习内容,学习方式等,对学生的学习具有方向指引,方法指导,资源提供等作用,通过,学习任务单,可以激发每一位学生学习的主动性与参与性,全方位影响着线上自主学习的师生活动,使学生在达成学习目标的过程中,提高学习兴趣,掌握学习方法,养成学习习惯,提升学习能力,学院积极组织,为老师提供服务,工商管理学院为教师提供了三种形式的,学习任务单,做为参考,请有经验的老师提前设计好自己的学习任务单,分享给老师,老师们之间积极交流沟通,很多老师是第一次进行线上教学,为了做好工作,大家努力认真学习,参加了很多线上教学的培训和微课,并相互交流沟通,互相提意见,以提高学习任务单的质量,二,年轻老师对,学习任务单,的评价,承担,组织行为学,课程的曹丽老师认为,组织行为学,教学任务单将课程教学内容,重点难点及学习方式展现给学生的同时,提供了国家精品课对应的视频讲解,通过线上平台与学生进行互动及讨论及时了解学生对课程内容的理解程度,课后为学生提供案例作业题及文献拓展阅读,加深对课程知识的巩固及应用,承担,管理信息系统,的董玉幸老师认为,通过下发任务单可以让学生清楚本次课学习的主要内容,以任务驱动的形式提高学生的学习兴趣,加深对知识的掌握,承担,微观经济学,的赵媛老师认为,本课程任务单突出学生自主学习的内容重点和学习方式,并以学生上传学习笔记和作业的要求促进学生学习的积极主动性,承担,市场营销学,的王晨老师认为,感觉用学习任务单的形式给学生们布置任务,形式清晰,任务明确,配合咱们的线上教学资源,学习效果能够保证,而且学习的方式和形式都很灵活,三,学生们对,学习任务单,及线上教学的反馈,组织好第一天的线上教学之后,学院积极联系学生,获取线上教学质量的第一手反馈信息,以便于后续改进提高,同学们都深刻认识到疫情的重要性,理解并支持线上教学的开展,并对,学习任务单,给予了较高的评价",2020/2/24,工商管理学院积极开展以“学习任务单”为抓手的线上教学
"年,月,日,在博雅楼,会议室,我院优秀青年博士王在涛老师应邀作了,论文写作与投稿讲座,王老师详细介绍了,论文写作规范和投稿的技巧经验,并针对老师们的疑问进行了详细的解答和建议,王在涛老师在,期刊,上发表了题为,的论文,为国际清洁生产和可持续发展领域的顶级刊物,被中国科学院文献情报中心认定为,期刊,年该期刊的影响因子,为,在,年,月谷歌学术公布的学术期刊及会议影响力榜单中,位列所有英文类期刊综合排名第,名,蝉联可持续发展类期刊第一名,虽然临近寒假,但是工商管理学院教师们的科研热情不减,本次讲座激发了老师们撰写外文期刊论文的研究兴趣,增强了老师们挑战,期刊的信心",2020/1/12,工商管理学院举行SCI论文写作与投稿讲座
"为进一步推动山东女子学院工商管理学院特色建设,山东女子学院时尚产业发展与管理人才培养国际论坛近日隆重召开,美国伊利诺伊大学香槟分校终身教授,世界著名营销学专家刘云川教授,东华大学旭日商学院教授,副院长,博士生导师徐琪教授,山东大学品牌经济研究所所长,品牌经济学理论创始人孙曰瑶教授等国内外专家出席会议并做专题报告,会议由山东女子学院工商管理学院副院长李仕超主持,来自工商管理学院的,多名师生参加了会议,孙曰瑶做了,何以时尚,品牌溢价之机制,的报告,孙教授用风趣幽默的语言向与会者介绍了何为时尚,以及时尚品牌的溢价机制等问题,并对女子学院打造时尚管理人才的可行性进行了论述,徐琪做了,时尚服装零售商优化运营策略,的报告,徐教授从考虑体验服务的时尚供应链,运营优化策略,体验服务下服装零售商库存与定价优化决策和时尚度影响下的服装零售商动态定价策略等方面,运用数学模型阐述了相关问题,刘云川做了,美国时尚行业现状及趋势,的报告,刘教授介绍了美国时尚产业里环保时尚,时尚不售等新理念,新模式,让师生们对时尚的概念有了全新的认识和理解,随着工商管理学院一流本科建设的需要,和专业高质量,内涵式发展的需要,学院深入探索女性管理人才发展的新领域,新高地,在与众多高校,行业专家交流沟通后,学院拟对接国内快速发展的时尚产业,打造女性时尚管理人才这一全新特色,以此促进在校生的综合素养,丰富毕业生就业类型,提升就业层次,本次论坛的召开,将推动学院特色转型,为打造女性时尚管理人才高地助力",2019/12/30,时尚产业发展与管理人才培养国际论坛成功举行
"年,月,日,山东省高等学校优秀科研成果奖拟奖名单公示已结束,教工第一党支部张可成教授的智库成果,助力打造乡村振兴的,齐鲁样板,关于实施,农业品牌专员,工程的建议,以及王雷副教授的研究报告,基于品牌竞争力的山东省现代流通业发展战略与对策研究,分别荣获,年山东省高等学校优秀科研成果一等奖,张可成教授的智库成果分别获山东省委刘家义书记及两位副省长批示,认为,该智库报告很有参考价值,请农业农村厅等部门认真研究,吸纳其合理化意见,加大工作力度,把山东农业品牌做大做强,王雷副教授的课题研究成果立足服务地方流通业健康良好发展,初步取得了较好的应用效果和社会效益,据悉,本年度山东省高等学校优秀科研成果奖评选根据,山东省教育厅关于印发山东省高等学校科学技术奖励办法和山东省高等学校人文社会科学优秀成果奖奖励办法的通知,鲁教科发,号,规定,经学校推荐,形式审查,专家会议评审,共评选产生获奖成果,项,其中本科高校人文社会科学类成果,项,含一等奖,项,二等奖,项,三等奖,项,教工第一党支部一直注重党建促进专业建设,党建促进教学创优,党建促进科研创优,该,项一等奖的获得,代表了教工第一党支部在党建引领下科研创优的成果,是发挥支部战斗堡垒作用和教工党员先锋带头作用的生动写实",2019/12/30,教工第一党支部荣获2项山东省高等学校优秀科研成果一等奖
"年,月,在教育部第二批新时代高校党建示范创建和质量优工作中,我校工商管理学院教工第一党支部获评,全国党建工作样板支部培育创建单位,工商管理学院教工第一党支部自成立之日起,确定自身定位,严格按照学校统一部署,以政治建设为统领,以提升组织力为重点,以推动事业发展为落脚点,严格规范党的组织生活,发挥党员先锋模范作用,团结凝聚师生创先争优,为促进学校中心工作提供坚强组织保证,各方面工作均取得了优异成绩,支部党员近年在推动学院学科专业建设方面成绩突出,工商管理专业成为学院龙头专业,现有一个省级协同创新中心,山东省现代高效农业品牌产业链价值提升协同创新中心,一个山东省特色专业,一个省级教学团队,工商管理专业群获批山东省首批高水平应用型本科培育建设专业群,教学改革团队被评为,山东省高校黄大年式教师团队,人才培养模式荣获山东省第八届高等教育省级教学成果二等奖,年工商管理专业被初步认定为山东省,一流专业,建设点,支部积极服务于乡村振兴,张可成带领智库团队多次深入农村调研,指导,完成的,实施,农业品牌专员,工程,助力乡村振兴齐鲁样板建设,研究成果,获得省委书记刘家义的充分肯定和重要批示,被列为省政府有关部门重点推广工作,以,全国样板党支部培养创建单位,为契机,教工第一党支部坚持,抓党建,促发展,工作思路,将支部打造为政治方向坚定,教师教学,科研,服务社会能力显著提升,人才培养质量进一步提高的高校样板教工支部,为学校培养打造一支思想先进,素质优良,技能精湛的高校党员人才队伍",2019/12/28,获评“全国党建工作样板支部培育创建单位”
"工商管理学院教职工于,月,日星期四举办冬日健步走活动,参加此次活动的人员为工商管理学院全体教职工,活动从博雅楼前起点,沿校园徒步走一圈,以再次回到博雅楼为终点,活动中,大家精神抖擞,活力四射,最后全部顺利抵达终点,活动开始前,工商管理学院教职工一起高呼,我运动,我快乐,我健康,的口号,并发出徒步活动开始命令,然后大家徒步出发,本次健步走活动作为工商管理学院,教职工业余活动项目之一,旨在倡导科学,文明,健康的生活方式,大力宣传,快乐工作,健康生活,的理念,引导和培养良好的健康生活习惯,不断提升全体教职工的身心素质,通过此次活动,展示了教职工积极乐观的生活态度,大家纷纷表示参加此次活动不仅能从锻炼中找到乐趣,放松身心,而且进一步增进了与同事之间的沟通和交流,有助于增强学院凝聚力与向心力,活动引导和培育员工树立积极向上的平常心态,乐观心态,自律心态,激发了老师们的的工作热情,培养了团队意识,集体荣誉感与责任感,充分达到了提高身体素质,激发教职工参与体育活动热情的目的和效果,更好的为教育事业贡献一份力量",2019/12/27,工商管理学院冬日健步走活动
"为深入学习习近平新时代中国特色社会主义思想,特别是习总书记,不忘初心,牢记使命,重要论述,进一步增强党员党性修养,月,日下午,工商管理学院党总支在博雅楼,座,会议室举行党总支委员集中讲党课活动,学院全体教工党员参加了活动,党总支书记田莉春主持本次党课活动,田莉春书记以,不忘初心担使命,立德树人新作为,题目,结合党的发展历史用丰富的事例阐述了勇于担当是中国共产党人的优秀品格,人民至上是中国共产党源源不断力量的源泉,要求教师党员牢记教书育人初心,不忘立德树人立德树人使命,旗帜鲜明讲政治,坚定不移强化理论武装,修身以做人,敬业以做事,自觉加强党性修养,积极投身教育事业,并结合我院工作实际,提出领导干部要切实增强责任担当意识带头学习,在提升学识,见识,胆识和能力上下功夫,学院要高度重视提升软实力,在提高人才培养上质量细节上下功夫,全体党员要继续发扬艰苦奋斗精神,继续推动我院各项工作再上新水平,学院院长,党总支副书记张可成以,深刻理解制度自信,为题目,认为中国制度植根于自己的文化传统,在文化独立性与开放性的结合中保持制度活力,中国制度已经形成独具特色的体系,能够集中力量办大事,有效促进社会生产力发展,促进现代化各项事业发展,增进中国人民和中华民族的福祉,学院副院长,党总支统战委员王雷以,自律廉洁,从我做起,为题目,在分析了古今自律廉洁观基础上,提出高校党员教师的自律廉洁要求是举旗帜,当先锋,学先进,守规矩,勇创新,顾大局,高校党员干部的自律廉洁要求是加强学习,提高修养,廉洁自律,淡漠功利,摆正角色,以诚待人,朴实扎实,以勤为本,继续深入推进学校廉洁文化建设,学院副院长,党总支纪检委员李仕超以,加强党风廉政,从我做起,为题目,指出坚定理想信念,加强党性修养,不断提高廉洁自律能力,是全体共产党员特别是党员领导干部的终生课题,要求党员做到,知,与,行,结合,自律,与,他律,结合,勤小物,治其微,自觉加强学习,自我警示,做到警钟常鸣,提高,思廉,践廉,自觉性,此次,领导干部讲党课,活动,既有精辟的理论阐释,又有鲜活的事例分析,融思想性,实践性和指导性为一体,较好地实现了学有所思,学有所悟,学有所得",2019/11/4,开展党总支成员讲党课活动
"为进一步动员和激励广大教工党员在人才培养中创先争优,工商管理学院各教工党支部于近日开展了,四争做,四带头,党员承诺践诺活动,督促党员认真履职尽责,更好发挥共产党员的先锋模范作用,四争做,四带头,即带头加强学习,争做勤奋上进模范,带头修养师德,争做教书育人楷模,带头解放思想,争做开拓创新榜样,带头争创佳绩,争做干事创业先进,这是教工党支部组织广大党员在研讨基础上形成的共识,由党支部统一为党员下发了承诺书,每名党员结合自身岗位和工作,学习实际,围绕四个方面提出个人承诺践诺的具体内容,由支委会对党员提出的承诺践诺事项进行审核,党员本人签名,各支部要求广大党员恪守承诺,积极践诺,在践诺中树立形象,在践诺中创造佳绩,要把,四争做,四带头,党员承诺书,作为行动指南,紧紧围绕立德树人中心工作和重点任务,结合岗位实际,把履行承诺践诺落细落小,落到实处,不断整改自身存在的问题,在教学,科研,服务师生等各项工作中走前列,做表率,带动我院师生积极进取,勇于拼搏,形成团结协作,干事创业的良好氛围,支部负责对党员兑现承诺情况进行跟踪检查,此次活动的顺利开展,进一步提高了我院教工党员的政治思想素质,教育和引导教工党员不断提升业务水平,力争在教育教学,大学生思想引领,校园文化建设,社会服务等各项工作中贡献自己的力量",2019/10/28,教工党支部开展“四争做，四带头”承诺践诺活动
"年,月,日,年山东高校毕业生集中招聘活动女院专场,以下简称,招聘活动,在我校田径场成功举办,此次招聘活动共有,余家企业到场参加,工商管理学院团总支积极组织师生参与,到场学生多达,人,并取得良好成效,上午九时许,由分管毕业生创业就业的鲁孔翟老师及我院创业实践部成员组织参加招聘活动的同学集合等待,等待过程中,同学们意气风发,兴致勃勃的同时保持着良好的秩序,体现着工管学子的良好素质,参加活动的求职学生入场并进行入场签到后,对招聘活动表现出极大的热情,纷纷驻足在招聘展位前,仔细阅读招聘岗位的需求并积极与用人单位进行沟通,对自己心仪的用人单位投出自己精心制作的简历,同时,我院领导十分重视此次的招聘活动,除到场组织指导的鲁孔翟老师外,李仕超院长也亲临现场指导,并与求职学生进行交流,解答学生的求职过程中的困惑,并予以建议,此次招聘活动,活动现场气氛热烈,秩序井然,我院求职学生表现积极,大部分求职学生向自己心仪的用人单位投出了简历,同时在招聘活动中收获颇丰,通过此次的招聘活动,我院师生也对用人单位的用人需求有了更深的了解",2019/10/28,2019年山东高校毕业生集中招聘活动（女院专场）成功举办
"月,日,学校组织举行山东省现代高效农业品牌产业链价值提升协同创新中心第一次工作推进会,校长盛国军出席会议并讲话,山东省农业农村厅市场与经济信息处处长刘学敏,山东大学经济学院教授,博士生导师余东华,山东农业大学经济管理学院院长,教授,博士生导师陈盛伟,学校科研处,工商管理学院负责人及部分教师参加会议,会议由工商管理学院院长张可成教授主持,推进会上,盛国军校长代表学校对莅临会议的专家和学者表示诚挚的欢迎,并向农业农村厅和兄弟院校对于协同创新中心获批和建设所提供的指导和帮助表示感谢,盛校长指出,该协同创新中心获批使学校的协同创新工作有了一个更高的抓手和平台,学校将从师资队伍团队建设,科研政策等方面加大扶持和服务力度,并希望协同创新中心将工作进一步做扎实,取得预期建设成效,工商管理学院张可成院长介绍了本次推进会的总体议题,主要包括如何服务社会,培养人才和展开科学研究等方面的内容,农业农村厅刘学敏处长简要介绍了山东省农业品牌建设和发展状况,着重指出其中存在农业品牌管理人才缺失等四个方面的问题和不足,并提出协同创新中心今后努力的方向和关键工作,山东大学经济学院余东华教授和山东农业大学经济管理学院院长陈盛伟教授,分别从协同创新中心要做好服务现代高效农业产业发展的中心定位出发,提出开展农业品牌质量评价,涉农社会人才培训,农业品牌实验室建设等十个方面的清晰思路和规划,并特别指出协同创新中心建设要力求扩大社会影响力,促进学科建设发展,取得可量化成绩等要求,现代高效农业品牌产业链价值提升协同创新中心,于,年,月获批为山东省高等学校对接产业类协同创新中心,该协同中心是学校首次获得,旨在助推山东省新旧动能转换和乡村振兴战略实施,此次工作推进会的成功举行,为现代高效农业品牌产业链价值提升协同创新中心建设和发展指明了方向和道路",2019/10/23,举行山东省现代高效农业品牌产业链价值提升协同创新中心第一次推进会
"近日,山东女子学院,战略管理与组织创新研究人才团队,分别邀请山东大学管理学院教授,博士生导师徐向艺,山东大学经济学院教授,博士生导师余东华,山东财经大学青年优秀人才支持计划人才,工商管理学院硕士生导师徐鹏副教授来校举行科研活动,月,日,余东华教授分别作了题为,学术论文写作的问题意识,实证研究中的计量方法,两个主题讲座,月,日,徐鹏副教授分别作了题为,学术论文写作的几个问题,管理案例论文写作与发表,两个主题讲座,两位老师结合自身投稿经历,分别从定量,定性以及定量与定性如何结合等角度,在论文选题,行文逻辑,投稿期刊选择等方面对论文写作进行了深入细致的阐述,详细分析了学术论文应体现怎样的亮点才能获得审稿人的认可,强调,好的论文不是写出来的,是改出来的,这一观点,只有不断修改并完善,才能写出好的论文,其中,徐鹏副教授入职四年已主持国家自然科学基金,项,现为国家自然科学基金通讯评审专家,山东女子学院,战略管理与组织创新研究人才团队,是学校和工商管理学院共建的柔性引进团队,校内成员为工商管理学院的教授,博士以及学科专业带头人,团队成员已卯足干劲,每周都一起开展科研活动,为实现学校工商管理重点学科和硕士点建设的突破而奋斗",2019/10/23,举行“战略管理与组织创新研究人才团队”系列学术讲座
"年,月,日下午,工商管理学院在博雅楼,进行微课堂第二期活动,刘培标老师以,连锁经营原理课程简介,为题,向同学们讲解了,连锁经营原理主要学习什么,学习目的,学习的意义,如何学好这门课,让学生明确学习方法和目标,增加了学习动力,董玉幸老师讲授的,信息化概述,数据,信息,主要讲述了信息化的含义,数据和信息的关系和区别,大数据的时代发展的历程,对生活带来的便利性,刘婷婷老师的,群体行为基础,以三个和尚挑水的故事引入主题,分析群体分类和群体的特点,用马斯洛的需求层次理论,简述了群体产生的原因以及意义",2019/10/19,工商管理学院举行微课堂第二期
"年,月,日,工商管理学院,年大学生学术课题结项汇报会在图书馆,座报告厅举行,校团委副书记苏婧,工商管理学院副院长李仕超,学院副教授田珊担任评委,团总支老师,个课题组成员以及学院各班级学生代表参加汇报会,个课题研究组的负责同学通过,向大家做课题完成情况报告,他们用精心准备的课件,向大家展示了他们的课题研究过程,取得的成果,各位课题组负责人汇报完毕后,进入答辩环节,专家评委针对各研究课题逐一进行提问和指导,经共同商议形成最终鉴定意见,最后,学院李仕超副院长代表评委组进行评议和指导,李院长指出,学院高度重视学生学术课题研究工作,今后将会加大支持力度,给广大师生提供便利条件推动大学生学术研究工作的顺利,进行,让更多师生参与学术课题研究,李院长要求同学们密切关注对社会热点问题的研究,如夜市文化,校园,等方面,希望同学们能够通过课题研究平台对社会有更深入的了解,对社会发展中所产生的一些问题通过自己的调查研究提供理论依据,近年来,学院高度重视教科研工作,为师生提供了广阔的平台,教科研成果水平也逐年提高,参加本次汇报的课题组,以严谨认真的研究态度,有计划,有步骤地落实课题研究,取得了较好的研究成果,学院将继续加强对课题研究过程督促,把关,促使各课题研究扎实开展,各课题组也将对研究成果进一步梳理,凝练,加强研究成果的推广应用,不断推动学生学术科研能力提升",2019/10/14,2019年大学生学术课题结项汇报活动
"为了有效提升教师的教学水平,努力打造具有工商管理学科特色的,金课,工商管理学院在,学年第一学期推出系列,微公开课,活动,年,月,日,工商管理学院在博雅楼,会议室开展第一场微公开课活动,展示的每位老师选择自己最擅长,讲得最好的,一个理论,一个案例,一个课程导入或者一个课程思政等,每人,分钟分享给全体老师共同学习,首先,秦善勇老师讲授,管理学,中的,集体决策方法,秦老师运用问题导入法,语言风趣幽默,讲课时利用插图迅速地突破了知识难点,加深了大家对重点知识的理解,帮助大家很快掌握了本部分的知识要点,其次,刘晶老师讲授,消费者行为学,中的,感觉,刘老师语言精练,课堂激情高,授课富有感染力,教学环节紧凑合理,能够把握教学重点,突破教学难点,最后,曹丽老师讲授,管理学,中的,激励,曹老师以案例导入的方法,引发学生思考,故事情节合理,教学思路清晰,充分体现出了,学,的主导性和,教,的主体性,最后,张可成院长对三位老师的授课进行了点评,对三位老师的授课方法给予了肯定和改善建议,三位老师不仅有丰富的学识,并且讲课生动,注重启发和互动,同时张院长也对其他教师提出学习交流的要求,要带着问题听,考虑故事的引入是否合理,图片是否合适以及教学设计,教学方法是否适用,并要精于课件的制作,大学能否培养出优秀的学生,与教师是否具备优良的教学水平息息相关,参与公开课能有效促进教学反思,有利于互相学习及借鉴经验,有利于进一步提高课堂教学质量,大家在本次活动中受益匪浅,纷纷表示要经常举办并多多参与此类活动",2019/10/12,工商管理学院2019-2020学年第一学期开展系列“微公开课”活动
"为隆重庆祝中华人民共和国成立,周年,弘扬爱国主义精神,激发我院教职工爱党爱国热情,结合,不忘初心,牢记使命,主题教育活动安排,月,日,工商管理学院全体教职工集中观看爱国电影,我和我的祖国,我和我的祖国,作为一部以弘扬爱国为主旋律的影片,影片取材于新中国成立以来,所经历的几个历史性经典瞬间,分别以,前夜,相遇,夺冠,回归,北京你好,白昼流星,护航,七个故事作为主题,讲述了新中国成立七十年间普通百姓与共和国最难忘和激动人心的,个瞬间,这七个故事带领我们重新回忆中华民族那一段段光荣而难忘的历史时刻,整部影片都洋溢着浓厚的爱国气息,影片以大时代下的小人物为切入视角,回溯新中国成立,周年来普通人与祖国同呼吸,共命运的故事,聚焦祖国高光时刻背后最平凡的你我他,我和我的祖国,一刻也不能分割,观影期间,不少教师为片中情节感动而纷纷落泪,观影结束后,各教职工纷纷表示被这些历史瞬间创造者将个人,小我,融入国家,大我,的精神所打动,更为新中国成立以来所取得的巨大成就而感到骄傲自豪,为祖国点赞,为祖国喝彩,同时表示在今后的工作中将坚守初心,牢记使命,勤勉履职,尽心竭力,坚定不移跟党走,同心共筑中国梦,切实履行岗位职责,为推动我院教育事业高质量发展贡献应有力量",2019/10/12,我与祖国共奋进，同心共筑中国梦
"为庆祝新中国成立,周年,月,日下午,工商管理学院教工第一党支部,第二党支部举办了,我的初心使命,主题党日活动,学院领导,全体教工党员参加了这次活动,在本次主题党日活动中,张可成,田珊,李宏洁等老党员配乐朗诵了经典诗歌,祖国歌,抒发爱国情怀,朱红祥,黄世国,路宁,鲁孔翟,杨平等朗诵了由路宁,黄世国,李仕超等党员创作的歌颂祖国,讴歌女院,赞美工商管理学院的,祖国赞歌,展示了祖国七十年来的辉煌成就,表达了广大教师党员对祖国,对女院的热爱之情,曹丽,刘晶同志与大家分享了,我的入党故事,党员们还集体观看了视频,半天被子的温暖,讲述了长征途中三个女红军借宿在当地老百姓徐解秀家中,见到徐家家境贫寒临走时,把自己仅有的一床被子剪下一半给徐解秀老人的事迹,故事感人肺腑,催人泪下,让我们感受到了共产党人与人民群众荣辱与共,风雨同舟的鱼水深情,最后,支部书记朱红祥,江苏芬同志分别带领支部党员重温了入党誓词,本次活动党员们受到了教育,也展现我院教职工党员爱党爱国,爱校如家情怀和昂扬向上的精神风貌,以优异成绩向新中国成立,周年献礼",2019/9/27,我院教工党支部举行“我的初心使命”主题党日活动
"年,月,日,工商管理学院召开党员大会,部署开展,不忘初心,牢记使命,主题教育工作,学院全体师生党员参加会议,学院党总支书记田莉春在会上传达学习了习近平总书记在,不忘初心,牢记使命,主题教育工作会议上的讲话和学校党委,关于在全校开展,不忘初心,牢记使命,主题教育的实施方案,梳理出党总支,党支部,处级干部以及党员在主题教育中的主要工作,对学院开展主题教育工作进行了全面动员部署,就开展好主题教育工作,田莉春提出了三点要求,一是要提高政治站位,深刻领会主题教育的重大意义,全面把握主题教育的目标要求,准确把握主题教育的丰富内涵,做到思想认识到位,二是要抓好落实,保证教育效果和质量,在学习教育上求实效,在调查研究上求实效,在检视问题上求实效,在整改落实上求实效,务求人才培养取得新成效,三是要压紧压实责任,发挥好,关键少数,作用,学院领导班子成员以身作则,层层推动主题教育真正严起来,实起来,强化学习纪律,加强督促指导,宣传引导,注重统筹兼顾,保障主题教育高效有序推进,会议要求,落实开展主题教育活动是一项重要任务,要聚焦,不忘初心,牢记使命,主题和深入学习贯彻习近平新时代中国特色社会主义思想主线,全面深入把握好中央精神和省委,学校党委工作要求,不折不扣落实好主题教育重要工作措施,各党支部要切实把主题教育摆上重要议事日程,周密安排,精心组织,严格标准,扎实推进,确保主题教育质量,全体党员要立足岗位,勇于担当,奋发有为,干事创业,将此次主题教育和学科建设,教学科研,管理服务等工作有机结合,推进学院又好又快发展,为学校应用型地方特色名校建设做出贡献",2019/9/20,工商管理学院召开“不忘初心、牢记使命”主题教育动员部署会议
"月,日下午,学校工商管理学院就女性学系列教材和团队建设工作举办了座谈会,中国妇女研究会副会长,学校特聘教授叶文振受邀参加座谈会,学校妇女研究与发展中心,工商管理学院负责人,各教研室主任及人力资源管理教研室全体教师参加了会议,会上,妇女研究与发展中心,工商管理学院负责人分别就学院女性特色建设,发展规划,学科建设等方面进行了介绍,叶文振教授提出,管理学的研究离不开社会学,社会学与管理学相结合,已经成为研究管理学的一大主流方向,工商管理学院的学科专业建设非常扎实,又有,十三五,省级高等学校人文社会科学研究平台,山东省女性人力资源开发与管理研究基地,在学科专业建设上可以进行交叉领域的探索,他强调,注重家庭建设已经成为政府工作部署,学院可结合自身专业考虑设置,家庭管理,等新型专业,有助于提升家庭幸福感,促进社会和谐,在学科建设上,学院可依据自己的学科特色开创,管理女性学,这一新的研究领域,最后,叶文振教授对于工商管理学院如何更好地建设女性人力资源基地提出了几点切实可行的建议,随后,与会人员共同探讨了应该如何发挥学院特色,强化大学生女性领导力的培养",2019/9/16,中国妇女研究会副会长、学校特聘教授叶文振到工商管理学院调研
"年,月,我校客座教授刘云川再次来访我院,并作了题为,案例教学的组织,及市场营销学前沿理论,以盈利为中心的市场营销学,的讲座,讲座由工商管理学院院长张可成教授主持,学院近,名教师参加了讲座,在,案例教学的组织,讲座中,刘教授从当前在线开放课程对传统教学模式的挑战入手,阐释了运用案例教学的必要性,并以,捕鼠器,及,渠道中的产品定价,为例,全面系统地展示了案例教学的全过程,同时就案例教学的组织与参会教师进行了深入交流,最后刘教授提出,增强教师的责任感和使命感对于丰富课堂教学内容及提升案例教学质量具有一定的促进作用,在,以盈利为中心的市场营销学,讲座中,刘教授对当前国内外学术界具有代表性的两种市场营销理论体系,以菲利普科特勒为代表的顾客价值中心理论体系及以盈利为中心的市场营销理论体系进行了阐述和对比分析,并就相关问题与参会教师进行了热烈的讨论和交流,以盈利为中心的市场营销学,讲座对帮助教师提高专业素养,拓宽学术视野具有重要意义,刘教授于,年,月受聘担任我校客座教授,刘教授是美国哥伦比亚大学营销学博士,现任美国伊利诺伊大学香槟分校,终身教授,商学院本科项目学术主任,清华大学经济管理学院特聘教授,主要从事分销渠道管理,定价策略,运作管理等方面的研究,是美国华人知名营销学者和专家,有很多高水平文章发表在管理科学和市场营销领域国际顶级期刊,以及,等上",2019/8/1,客座教授刘云川再次来我院作专题讲座
"根据省委宣传部,教育厅下发,关于开展,齐鲁最美教师,和山东省教书育人楷模评选活动的通知,鲁教师函,号,文件要求,在各学院推荐和通过网络进行社会评议的基础上,学校师德建设委员会召开专题会议,经审议及无记名投票推荐,我院李仕超老师被评为山东女子学院,最美教师",2019/6/21,李仕超副院长获2019山东女子学院“最美教师”称号
"年,月,日,中国商品学会农业品牌专家委员会成立大会在北京中国人民大学举行,农业部法规司前副司长贺军伟,中国商品学会会长陈冠,中国人民大学全国农经学会著名教授孔祥智等领导和知名专家教授参加了会议,会上,我校工商学院院长张可成教授被推选为中国商品学会农业品牌专家委员会委员,专家委员会成立大会上,中国商品学会会长陈冠代表中国商品学会,对农业品牌专家委员会成立的意义,国家赋予专家委员会的责任和义务进行了说明,并对该委员会未来的工作提出了希望,商品学会副会长慕鹏举,专家委员会主任中国人民大学孔祥智分别从学会工作角度和专家委员会工作角度做了发言,张可成教授就委员会的具体工作做了发言,成立大会结束后,专家委员会就基层政府农业区域公用品牌规范性文件制定等内容进行了学术研讨",2019/5/13,我校张可成教授被推选为中国商品学会农业品牌专家委员会委员
"年,月,日上午,学校在工商管理学院,会议室举行刘云川教授聘任仪式暨管理学前沿讲座,校长盛国军出席会议并讲话,会议由工商管理学院院长张可成主持,工商管理学院全体教师参加会议,盛国军校长为刘云川教授颁发了客座教授聘书,他指出,刘云川教授作为国际知名管理学专家,到访对学校学术发展是一件幸事,必将为学校工商管理学科建设带来新气象,希望工商管理学院以此为契机,不断推动学科建设,提升学术质量,取得高水平科研成果的新突破,聘任仪式后,刘云川教授作了题为,管理学研究的现状和未来,的学术讲座,就华人学者在管理学前沿研究的贡献及不足,管理学研究的,版本,管理学理论与实践的关系,顶尖期刊的发展动向及管理学院内部的跨学科研究等内容进行了精彩演讲,与会教师并与刘云川教授就相关问题进行了热烈的讨论和交流,刘云川教授是美国哥伦比亚大学营销学博士,现任美国伊利诺伊大学香槟分校,终身教授,商学院本科项目学术主任,清华大学经济管理学院特聘教授,主要从事分销渠道管理,定价策略,运作管理等方面的研究,是美国华人知名营销学者和专家,有很多高水平文章发表在管理科学和市场营销领域国际顶级期刊,以及,等上",2019/5/13,学校举行刘云川教授聘任仪式暨管理学前沿讲座
"年,月,日下午,山东管理学院工商管理学院胡忠任院长,以及工商管理专业负责人等一行,人来我院交流人才培养,专业特色建设等事宜,工商管理学院张可成院长,李仕超副院长,以及工商管理专业负责人秦善勇,张梦尧等参加交流活动,张院长首先介绍了工商管理学院升本以来的发展过程以及近年来取得的各项成果,尤其是打造连锁经营管理特色方面取得的成果,胡忠任院长介绍了山东管理学院工商管理学院的最新发展,以及深入探讨工商管理专业人才特色培养的意愿,随后,秦善勇主任详细介绍了工商管理专业的人才培养方案,已经课程建设,实习实训等工作,双方表示大家同在长清大学城,同属工商管理学科,将进一步加强交流与合作",2019/5/7,山东管理学院工商管理学院一行来我院交流
"年,月,日上午,湖南女子学院商学院向延平院长,樊珍云副书记,以及人力资源管理,市场营销,物流管理,国际经济与贸易专业负责人,学生辅导员等一行,人来我院交流人才培养,专业特色建设等事宜,工商管理学院田莉春书记,张可成院长,王雷副院长,李仕超副院长,以及相关专业负责人等参加交流活动,张院长首先介绍了山东女子学院的最新发展,工商管理学院升本以来的发展过程以及近年来取得的各项成果,向延平院长介绍了湖南女子学院商学院的发展历程,并表达了双方进一步加强沟通与交流合作的意愿,随后,两个学院的各专业负责人相互对接,深入交流,湖南女子学院和山东女子学院同属于国内公办女子高等院校,双方二级学院的沟通与交流将促进女子高等教育的发展,对女子高校在管理类人才培养领域提供更多的借鉴与分享",2019/4/29,湖南女子学院商学院一行来我院交流
"为进一步推动我院,挑战杯,竞赛的发展,提高学生的科技素质和创新能力,提高挑战杯参赛作品质量,帮助参赛同学进一步提高自身优势,发现作品遗漏不足,完成作品的深度修改与改善,为大家提供一个学习借鉴的交流平台,月,日上午,我院邀请中国矿业大学公共管理学院段鑫星院长在博雅楼,会议室召开,挑战杯,专家座谈会,我院副院长李仕超出席了座谈会,参加今年,挑战杯,竞赛的指导老师,学生代表,余人参加了会议,伊始,段教授应李院长邀请同与会师生讲述自己的指导方法技巧,告诫各位指导老师要选好人,选对题,互学习,她讲到参加挑战杯等系列大赛时,指导老师要选对人,用对人,分好工,才能顺利开展接下来相关工作,多看题,选对题,起好题,多看往届获奖参赛队伍的题目,结合自身学院,专业优势甄选选题范围,再根据这两个基础为自己的参赛项目起好题,为冲进前茅做好第一手准备,她感慨平平淡淡地做竞赛实属无趣,但是与同学们互相学习起来之后则是越做越有劲,越做越会,她还请自己亲带的研究生,曾获,创青春国赛金奖的李文文与同学们分享自己的心得经验,她从自己亲身参与的课题说起,为同学们讲述自己五年磨一,金奖,的历程,告诉同学们要多多参与各大赛事历练自己,选好队友,多与老师沟通是做好课题的基础,肯吃苦耐劳,耐住性子是斩获大奖的法宝,期间段教授时不时穿插风趣幽默的故事,用形象的语言为大家把抽象的问题具象化,她富于哲理的思想,精辟的讲解,殷切的教诲,风趣的语言,优雅的风度博得在场师生的阵阵掌声,随后,李院长向各位与会师生表达了自己的深切关怀,向大家传达了学校学院的殷切期望,她强调,挑战杯,竞赛对老师和同学们的重要性,鼓励同学们不忘参赛的初心,在老师的指导下不断攻克难题,突破重重困境迎来荣光,希望各位参赛师生奋发努力,争取在本次,挑战杯,竞赛中有所突破,为我院争光,座谈会上,段教授积极为我院,挑战杯,竞赛组织申报等一系列工作问诊把脉,针对师生在,挑战杯,竞赛过程中碰到的各种问题,她用详实的案例,深入浅出的语言为师生们现场答疑解惑",2019/3/18,工商管理学院召开“挑战杯”专家座谈会
"近日,经国务院批准,享受国务院政府特殊津贴人员名单正式公布,我院工商管理学院院长张可成教授荣登榜单,张可成,山东女子学院工商管理学院院长,连锁管理学院院长,管理学博士,教授,博士生导师,山东省高校,黄大年式教师团队,负责人,山东省高等学校教学名师,学校北大山人才工程领军人才,现任中国连锁经营协会校企合作委员会主任,中国连锁经营研究基地主任,山东省十三五人文社科平台,女性人力资源开发与管理,基地主任,山东省现代高效农业品牌产业链价值提升协同创新中心主任,在教学上,是山东省高水平应用型本科专业群,省财政,万资助,省级人才培养模式创新实验区,工商管理学科唯一,省级特色专业,省级教学团队,省级重点教改立项负责人,获十余项省级教育教学项目,编写全国首套,连锁经营管理系列教材,获山东省高等教育教学成果奖二等奖,在科研上,主持国家社科基金,山东省自然科学基金,山东省社会科学基金等课题,项,主持横向课题,项,在高层次期刊发表论文,余篇,出版专著,部,曾参加山东省,十三五农产品品牌建设方案,的制定,智库成果,年获省委刘家义书记及两位副省长的批示,被列为山东省农业农村厅,年的重点工作,国务院政府特殊津贴的发放对象是做出突出贡献的专家,学者,技术人员,这是中华人民共和国国务院对于高层次专业技术人才和高技能人才的一种奖励制度,获得者被称为享受国务院特殊津贴专家",2019/3/8,我院张可成教授喜获国务院特殊津贴
"年,月,日,山东省教育厅下发了,关于公布山东省高等学校对接产业类协同创新中心立项建设名单的通知,全省,个中心获批立项建设,由我校牵头申报的,现代高校农业品牌产业链价值提升协同创新中心,成功获批,这是我校获批的首个省级协同创新中心,标志着我校,十三五,科研创新平台建设和助力服务地方工作取得突破性成果,现代高校农业品牌产业链价值提升协同创新中心,由我校工商学院管理学院牵头,协同北京大数据研究院,中国人民大学农村发展研究所,中国农业大学中国农业品牌研究中心,美国伊利诺伊大学香槟分校,商学院产品定价管理研究中心等研究机构,济南佳宝乳业有限公司,临沂金锣绿园生态农业有限公司,济南西城高科农业发展有限公司,山东省肥城桃开发总公司,济南伟农农业技术开发有限公司,泰安国家农业科技园区等主要企事业单位共同建设,目的是优势互补,强强联合,重点突破现代高效农业发展瓶颈,实现高效农业创新发展,全力打造一流的农业企业管理,农产品品牌建设推广人才队伍,构建多元,开放,有效的政产学研用协同创新平台,为山东农业现代化发展注入新动力,协同创新中心的作用在于紧紧围绕我省新旧动能转换重大工程,坚持需求导向,服务品牌农业强省战略,汇聚协同单位创新要素,凝聚高水平的研究力量,推动山东省农业品牌建设和现代农业发展,现代高校农业品牌产业链价值提升协同创新中心,的获批离不开学校的高度重视,工商管理学院创新团队的努力工作,协同单位的大力支持,协同创新中心的获批对进一步提升我校的科研创新能力及社会服务水平具有重要意义",2019/1/24,我校获批2018年山东省高等学校对接产业类协同创新中心
"年,月,日上午,山东管理学院学院人力资源教研室张会荣主任带领人力资源教研室教师一行,人来我校工商管理学院调研交流,工商管理学院副院长李仕超,人力资源教研室主任黄俊祺及人力教研室教师参与了交流会,李仕超副院长对张,会荣主任一行来院调研交流工作表示热烈欢迎,并介绍了工商管理学院的基本情况和连锁经营特色专业群,黄俊祺主任详细介绍了人力资源专业建设的历程,人力资源专业人才培养方案和教学大纲,张会荣主任介绍了山东管理学院人力资源专业的基本情况,希望在人力资源专业建设,教学及人才培养等方面与我校工商管理学院加强合作,最后参会人员针对专业建设及专业评估注意事项进行全面,深入,细致的交流,会后,两校参会人员纷纷表示,此次交流增强了合作,拓宽了思路,加深了友谊,一些具体的做法都使对方深受启发,收获良多,希望今后进一步加强的交流与合作,推动人力资源专业的共同发展",2019/1/4,山东管理学院人力资源教研室张会荣一行来我校工商管理学院调研交流工作
"年,月,日下午,在学校第三会议室举行授牌仪式,山东女子学院工商管理学院获颁,首旅如家年度最佳合作院校,称号,学校刘正林副校长,教务处穆勇处长,工商管理学院张可成院长和李仕超副院长出席授牌仪式,首旅如家酒店集团北华东区域人力资源部副总监靳大为,济南城区城市总经理范俊杰,北华东区域人力资源部人事主管孟娇出席授牌仪式,刘正林副校长首先对首旅如家集团多年来对工商管理学院专业建设,实践教学等领域的支持表示感谢,并从深化校企合作的角度对双方的合作提出了殷切希望,首旅如家靳总监和范总分别发言,对女子学院工商管理学院在校企合作,员工培训领域对如家集团的支持表示感谢,并希望将进一步深化和女子学院的合作,随后,首旅如家范总代表企业向张可成院长授牌,双方合影留念,随着校企合作的深入,工商管理学院将进一步探析连锁行业典型企业的业务发展变化,研究行业发展趋势,提高人才培养质量,推动校企合作应用型本科人才培养向纵深发展",2019/1/2,山东女子学院工商管理学院获颁首旅如家年度最佳合作院校
"据中国校友会网,中国大学评价研究报告,发布的,中国大学工商管理类本科专业排行榜榜单统计,山东女子学院工商管理专业在,中国大学本科专业排行榜中名列,名,山东省内与青岛科技大学,山东师范大学,中国海洋大学并列第,名,中国校友会网大学研究团队组建于,年,是目前中国持续开展大学评价研究时间最长,影响力最大,信任度最高的中国大学排名社会评价机构之一,该排名是高中生报考大学主要参考依据之一,近年来,工商管理学院狠抓学科专业建设取得了丰硕成果,年获批工商管理省级特色专业,市场营销省级教学团队,年获批山东省人才培养创新实验区,年获批省级教改项目,立体化打包式经管类人才培养模式创新研究,年荣获,黄大年式教学团队称号,获批山东省,十三五,女性人力资源开发与建设基地,山东省高水平应用型本科建设专业,群,项目,两项国家社科项目,仅,年,年获得教育部人文社科项目,省社科项目,项,这些学科专业建设成果的获得为我校工商管理专业排名攀升打下了坚实基础,今年以来,工商管理学院成功举办了,山东高校农业品牌建设研讨会,新时代女性人力资源开发暨女性生存与发展研讨会,全国高校连锁人才培养与教材建设研讨会,全国高校连锁,特许经营管理专业建设与教学交流研讨会,等大型学术会议,为教师的教学科研,学生的专业实践提供了较好的学习交流的平台,对于进一步提高人才培养质量起到了积极作用,特别是智库成果获得了省委书记刘家义,副省长于国安,副省长任爱荣重要批示,为推进我省农业品牌建设作出了应有的贡献,此次中国大学工商管理专业排行统计,不仅是对我校教学,科研工作的充分肯定,也是对全体教师创建一流学科的极大鼓励,山东女子学院工商管理专业办学实力已经站在一个新的高度,展现出强劲的发展势头,在高校深化综合改革和学校推进科学发展的新时期,这些成绩的取得将进一步推动我校培育和凝练专业特色,完善招生,培养,就业闭环联动机制,提高办学质量和服务地方能力,为建设特色鲜明的百年女大奠定了坚实基础",2018/12/26,我校工商管理专业全国排名第96名
"据中国校友会网,中国大学评价研究报告,发布的,中国大学工商管理类本科专业排行榜榜单统计,山东女子学院工商管理专业在,中国大学本科专业排行榜中名列,名,山东省内与青岛科技大学,山东师范大学,中国海洋大学并列第,名,中国校友会网大学研究团队组建于,年,是目前中国持续开展大学评价研究时间最长,影响力最大,信任度最高的中国大学排名社会评价机构之一,该排名是高中生报考大学主要参考依据之一,近年来,工商管理学院狠抓学科专业建设取得了丰硕成果,年获批工商管理省级特色专业,市场营销省级教学团队,年获批山东省人才培养创新实验区,年获批省级教改项目,立体化打包式经管类人才培养模式创新研究,年荣获,黄大年式教学团队称号,获批山东省,十三五,女性人力资源开发与建设基地,山东省高水平应用型本科建设专业,群,项目,两项国家社科项目,仅,年,年获得教育部人文社科项目,省社科项目,项,这些学科专业建设成果的获得为我校工商管理专业排名攀升打下了坚实基础,今年以来,工商管理学院成功举办了,山东高校农业品牌建设研讨会,新时代女性人力资源开发暨女性生存与发展研讨会,全国高校连锁人才培养与教材建设研讨会,全国高校连锁,特许经营管理专业建设与教学交流研讨会,等大型学术会议,为教师的教学科研,学生的专业实践提供了较好的学习交流的平台,对于进一步提高人才培养质量起到了积极作用,特别是智库成果获得了省委书记刘家义,副省长于国安,副省长任爱荣重要批示,为推进我省农业品牌建设作出了应有的贡献,此次中国大学工商管理专业排行统计,不仅是对我院教学,科研工作的充分肯定,也是对全体教师创建一流学科的极大鼓励,山东女子学院工商管理专业办学实力已经站在一个新的高度,展现出强劲的发展势头,在高校深化综合改革和学校推进科学发展的新时期,这些成绩的取得将进一步推动我校培育和凝练专业特色,完善招生,培养,就业闭环联动机制,提高办学质量和服务地方能力,为建设特色鲜明的百年女大奠定了坚实基础",2018/12/26,我院工商管理专业全国排名第96名
"月,日,日,全国高校连锁人才培养与教材建设研讨会,全国高校连锁,特许经营管理专业建设与教学交流研讨会,在我校隆重召开,学校纪委书记黄晓彦出席开幕式并致辞,中国连锁经营协会校企合作委员会副主任杨顺,中国会计教育专家指导委员会副主任,江苏省会计教学研究会副会长程淮中教授,北京师范大学出版社科技与经管分社社长汤平,上海商学院教授,联商网零售研究中心主任周勇,武汉商业集团副总经理,商学院院长李祖国,江苏经贸职业技术学院工商管理学院副院长李卫华等出席开幕式,学校工商管理学院院长张可成教授主持开幕式,来自湖北,安徽,辽宁和山东等兄弟院校的专家学者,以及学校教师和学生代表参加了研讨会,开幕式上,黄晓彦对莅临会议的领导,专家和学者表示诚挚的欢迎,向一直关心支持学校建设发展的中国连锁经营协会,北京师范大学出版社以及其他兄弟院校的领导表示衷心的感谢,黄晓彦指出,连锁经营作为服务业中最具活力的经营模式,有着巨大的发展潜力,高校作为连锁经营人才重要的培育基地,有责任深入研究连锁人才培养的新思路,新模式,分享连锁,特许经营管理教学的新方法,交流连锁,特许经营管理专业建设的新实践,促进优质教学成果在行业,企业中的应用,在本次研讨会上,学界与业界的思想交流与碰撞,会为我们带来新理念,新思想和新观点,对进一步提高连锁,特许经营管理的教学水平和研究水平,提升连锁,特许经营管理的专业建设水平,促进产教融合,发挥起积极的作用,本次研讨会分为主旨报告,人才培养及学术交流,连锁教材建设研讨三个阶段,在主旨报告阶段,程淮中教授从新时代课堂革命的重点难点及程序形式等方面分析了高校课堂改革的使命和任务,李祖国院长从连锁门店店长胜任素质及要求等方面分析了我国连锁门店店长胜任力打造的新形势和新机遇,周勇教授则分析了连锁零售行业的未来发展趋势,优势和大学生就业机会,在连锁教材建设研讨阶段,中国连锁经营协会及高校连锁经营管理专业的专家学者和企业专家,以及北京师范大学出版社的编辑,共同探讨了连锁教材的建设工作,通过研讨,初步形成了新时代背景下连锁系列教材的建设思路,教材要进一步结合连锁行业发展特质,学生成长和学习的特点以及教育教学规律,在店长领导力,特许经营体系设计,连锁经营管理综合实训等方面继续论证,使该系列教材充分满足思想性,科学性,时代性和信息化的特征,在人才培养及学术交流阶段,浙江商业职业技术学院经济管理学院院长孙玮琳教授,李卫华副院长和张可成教授,分别针对连锁经营管理,工商管理应用型人才培养模式及连锁经营管理人才培养标准改革进行了分析和交流,本次研讨会旨在深入探讨连锁经营管理人才培养及教育教学改革的新思路,新想法和新举措,是在新时代,新形势下提升连锁经营管理人才培养水平的新要求,本次研讨会的成功举办,进一步助力了我校高水平应用型工商管理专业群的特色建设,促进了优质教学成果及经验的共享与推广,为共同提升我国连锁经营管理人才培养水平作出了积极贡献",2018/12/12,2018全国高校连锁人才培养与教材建设研讨会在我校召开
"月,日,新时代女性人力资源开发暨女性生存与发展学术研讨会在我校隆重召开,本次研讨会的主题是深入探讨习近平新时代中国特色社会主义妇女发展思想,客观分析新时代女性人力资源开发和女性生存与发展所面临的问题和挑战,提出进一步推动性别平等和妇女全面发展的对策建议,学校党委书记郭翠芬出席开幕式并致辞,全国妇联妇女研究所副所长杜洁,山东省妇联副主席王淑萍,海南省妇联副主席林英姿,山东省人社厅人才开发处处长褚国良,山东省教育厅科学技术处处长徐文广等出席开幕式,学校纪委书记黄晓彦主持开幕式,来自首都经贸大学,厦门大学和山东财经大学等兄弟院校的专家,学者和征文代表,广东江门市,山东济南市等县,市,区妇联主席,以及学校教师和学生代表共计,余人参加了研讨会,开幕式上,郭翠芬首先代表全校师生对莅临会议的领导,专家和学者表示诚挚的欢迎,向一直关心支持学校建设发展的全国妇联,省妇联,省人社厅,省教育厅的领导表示衷心的感谢,她指出,在全国上下认真学习贯彻习近平总书记在全国教育大会上的重要讲话和中国妇女十二大报告精神的形势下,会议邀请到妇女,性别研究和人力资源管理方面的知名专家学者,聚焦女性人力资源开发和女性生存与发展的主题,围绕习近平新时代中国特色社会主义妇女发展思想,新时代女性人力资源开发与管理和妇女全面发展等议题展开研讨交流,必将进一步提升女性人力资源开发与管理的研究水平,促进政府及社会各界更加关注和支持女性全面发展,郭翠芬强调,新形势下学校将认真贯彻落实习近平总书记的重要讲话精神,立足于培养高素质应用型女性人才,聚焦山东省新旧动能转换重大工程,提升办学实力和办学水平,拓展学术视野和成果转化应用的渠道,突出妇女,性别研究与教育特色,促进产学研用结合,助力区域经济社会发展,杜洁传达了习近平总书记同全国妇联新一届领导班子成员集体谈话和中国妇女十二大报告精神,认为此次研讨会讨论和交流女性人力资源开发和女性生存与发展面临的问题和挑战,对贯彻落实习近平总书记的重要讲话精神,促进性别平等和妇女全面发展具有重要意义,也能够进一步促进学校相关学科的发展,培育新的学科增长点,王淑萍在讲话中,充分肯定学校在彰显妇女,性别研究与女性教育特色,发挥妇女工作智库等方面取得的成绩,认为此次研讨会体现了学校在推动女大学生成长成才,促进女性全面发展的责任意识和担当精神,徐文广从贯彻落实全国教育大会精神的角度,高度评价学校在优化学科专业结构,改革人才培养模式和高层次女性人才培养方面进行的探索与实践,认为此次研讨会将对进一步推进落实男女平等基本国策和男女两性和谐发展发挥积极作用,研讨会分为主旨报告,学术对话和学术交流三个阶段,在主旨发言阶段,杜洁从新时代女性生存发展的重点难点,发挥智库作用和成果形式等三个方面分析了新时代妇女研究的使命和任务,褚国良从党的十九大的人才强国战略,国际人才竞争新态势,国内人才大战和经济发展方式转变等方面分析了我国人才工作面临的新形势,介绍了新形势下山东省重点人才工程和山东省重点人才政策的推进情况,首都经贸大学人口经济研究所所长,人口与经济,主编童玉芬教授从社会压力,职业中断以及职业培训等角度全面分析了全面二孩政策女性劳动参与的影响,中国妇女研究会副会长,厦门大学博士生导师叶文振教授从女大学生就业研究的现实背景,性别意义和理论建构三个方面分析了女大学生就业存在的市场风险和性别风险,对女大学生就业歧视和就业水平与质量进行了理论阐释,在学术对话阶段,杜洁,叶文振,褚国良,童玉芬围绕区域人才大战中女性人才的出路和困境问题,从不同的学科视角进行了深入探讨和交流,分享了各自的最新研究成果,在学术交流阶段,山东财经大学杨静副教授,山东女子学院董振华副教授和张雅维教授作了交流发言,本次研讨会由山东女子学院主办,山东女性人力资源开发与管理研究基地,全国妇联妇女,性别研究与培训基地,工商管理学院,妇女研究与发展中心联合承办,研讨会共收到征文,篇,评选出一等奖,篇,二等奖,篇,三等奖,篇,并在闭幕式上为获奖征文作者代表颁发了证书,山东女子学院",2018/12/11,山东省教育厅]新时代女性人力资源开发暨女性生存与发展学术研讨会在山东女子学院召开
"近日,学校举办,年山东高效农业品牌建设研讨会,学校副校长刘正林,山东省农业厅市场与经济信息处处长刘学敏,长清政协副主席,产学研指挥部副总指挥刘宝林出席活动,中国人民大学农业与农村发展学院教授,农村发展研究所所长,博士生导师孔祥智,中国农业品牌研究中心主任,中国农业大学经济管理学院教授,博士生导师陆娟,北京大学大数据与品牌建设教授专家,博士生导师赵占波,泰安市农业局副局长王民,济南市农业局副处长郑立群,济南佳宝乳业有限公司品牌策划中心主任王庆华等政府,专家和企业代表,学校科研处,科技产业处,工商管理学院负责人及部分教师参加了会议,刘正林在开幕式上致辞,对各位领导,专家的到来表示欢迎,对兄弟院校和企业界长期以来的支持表示感谢,他指出,学校近几年取得了跨越式的发展,工商管理专业作为山东省特色专业及山东省高水平应用型立项建设专业,群,的核心专业,拥有一支实力较强的品牌管理研究团队,该团队发挥自身优势,联合国内外专家,围绕山东省新旧动能转换,尤其是对山东农产品品牌建设进行了卓有成效的科学研究和成果推广,刘宝林对此次会议的召开表示祝贺,并表达了长清区党委政府对于品牌建设的重视,下一步将打造长清大学城品牌建设联盟,工商管理学院院长张可成向介绍了本次会议的总体情况,山东省农业厅刘学敏处长,中国农业大学陆娟教授,中国人民大学孔祥智教授分别从农业品牌战略引领农业供给侧改革,农产品品牌建设形势与政策,新旧动能转换与质量兴农等方面做了专题报告,济南佳宝乳业有限公司王庆华主任,山东省肥城桃开发总公司乔善晶总经理等企业代表分别谈了企业的品牌建设情况,并与专家进行了深入交流,最后,北京大学赵占波教授,山东农业大学陈盛伟教授作了专题发言,品牌管理是山东女子学院工商管理学院一个重要的学科方向,目前正在打造,现代高效农业品牌产业链提升协同创新中心,助推山东省新旧动能转换和乡村振兴战略,此次会议的召开,搭建了高校,企业,政府三方融合共建现代高效农业品牌的协同平台,对于充分助推现代高效农业品牌产业链价值提升起到了积极的作用,为共建乡村振兴的齐鲁样板奠定了基础",2018/12/11,工商管理学院举办2018年山东高效农业品牌建设研讨会
"近日,省委书记刘家义,副省长于国安,副省长任爱荣分别就我校智库研究成果,实施,农业品牌专员,工程,助力乡村振兴齐鲁样板建设,作出重要批示,认为该智库报告很有参考价值,要求相关部门认真研究,吸纳合理化意见,加大工作力度,把山东农业品牌做大做强,相关政府部门接到批示后,第一时间联系了我校智库团队负责人,工商管理学院院长张可成教授,共商下一步落实举措,并希望智库团队继续发挥作用将智库报告的内容进行细化研究,提出方案,贯彻实施好省领导批示,努力打造山东农业品牌,对此,学校领导高度重视,要求全力配合智库团队与政府部门对接好,服务好,为推进我省农业品牌建设作出学校应有的贡献,本次智库研究成果是我校农业品牌智库团队围绕全省农业品牌建设的瓶颈及机制研究的阶段性成果,将为助力乡村振兴打造齐鲁样板提供有益借鉴,长期以来,该团队致力于农业品牌建设研究,在对全省几十个县区进行农业品牌摸底调查的基础上,写出了近,万字的调查记录,积累了大量的一手资料,近,年来发表相关论文多篇,其中,论文,篇,获批教育部人文社科,省自然基金,省社科基金,省软科学基金等项目,项,年获批国家社科基金项目,标志着我校农业品牌建设研究走在了前列,多年来,学校围绕推进应用型地方特色名校建设,鼓励支持教师发挥学科专业优势,积极开展产学研合作和横向课题研究,主动为服务地方经济社会发展提供智力支持",2018/12/11,省委书记刘家义对我校智库研究成果做出重要批示
"为深入学习贯彻党的十九大精神,推进,两学一做,教育活动常态化,制度化,年,月,日,工商管理学院教工第一党支部在博雅楼,开展以,贯彻十九大精神,学习新党章,主题党日活动,支部书记朱红祥同志带领全体党员对新党章进行了学习,并就新修订的党章内容进行了认真的解读,他指出,党章虽然篇幅不长,但每段内容,每个观点都以科学的理论为基础,内涵丰富,富寓意深,学习的目的在于应用,学好新党章,目的是贯彻好党章,要做到内化于心,坚定理想信念,强化党性意识,坚持把立德树人,服务师生,推动发展作为思考问题和开展工作的根本出发点和落脚点,他要求全体党员自觉用,党章,规范自觉的一言一行,认真学习党章,遵守党章,维护党章,做到心中有党,心中有责,心中有岗,同时要求党员教师要发挥先锋模范作用,带头示范,丰富形式,引领大家进行学习,将党的十九大提出的新思想,新观点,新论断,新方略,转化为推动工作的具体举措,在做好自己的本职工作时,为中国特色社会主义事业出一份力,为实现中华民族伟大复兴的中国梦添砖加瓦,全体党员对学习,党章,内容所思,所学,所想进行了热烈的讨论,全体党员充分认识到新,党章,是党的各级组织和全体党员必须遵守的基本原则和规定,党章,就是党的根本大法,是全党必须遵守的基本准则和规定,是全党必须遵循的总规矩,必须学习好,领会好,贯彻好,执行好,遵守好,并将学习,党章,融入到,两学一做,教育实践活动中,用党的创新理论武装头脑,做到学深悟透,融会贯通,真正做到内化于心,外化于行,会上还就为什么要开展批评与自我批评,批评与自我批评的重要性以及如何进行批评与自我批评展开了讨论,大家一致认为只有经常性地,主动自觉地开展批评与自我批评,我们党内才能保持生机勃勃的活力,才能互相帮助,共同提高大家的党员意识,真正把党章记在自己的心中,通过此次活动,使全体党员及积极分子时刻保持学习热情,对十九大精神的学习融入到生活,工作中,提升了党性修养,使党员同志们不忘入党,初心,真正将信仰忠诚,严于律己,勇于担当内化于心,外化于行,做一名合格的共产党员教师",2018/12/10,教工第一党支部开展“贯彻十九大精神 学习新党章”主题党日活动
"月,日上午,年高校毕业生就业宣讲会在山东女子学院分会场博文楼大厅火热开幕,工商管理学院副院长李仕超,党总支副书记刘瑶青,就业指导教师鲁孔翟,辅导员孔圆圆参加招聘会,届毕业生积极参会,招聘会上设立的部分岗位招聘区与我院应届毕业生所学专业直接对口,为毕业生们提供了多渠道,多选择的就业方向,李院长,刘书记,团总支书记路老师亲临现场,与应届毕业生们亲密交谈,从就业形势,就业情况等方面为我院即将就业的大学生提供了指导性意见,并与一些企业进行了深入交流,通过了解企业概况,详细询问相关企业的发展,所需职位,工资待遇等情况,为学生们提供更多的求职信息,为我院就业工作的顺利开展打下了坚实的基础",2018/11/29,工商管理学院组织毕业生参加高校毕业生就业宣讲会
"年,月,日下午,工商管理学院学生党支部于在博学楼,教室召开了学生党员发展大会,大会由工商管理学院学生党支部书记主持,工商管理学院党支部全体成员和学院部分入党积极分子参加了此次会议,大会按照党员发展程序,逐个讨论表决是否接收邵文静等,位同志为预备党员,会上,邵文静等,位发展对象宣读了入党志愿书,真诚地表达了自己多年以来对党的向往,对党的忠诚,表明了自己的入党动机和要加入中国共产党的强烈愿望,入党介绍人分别介绍了对发展对象的培养过程和现实表现,并提出自己对其能否入党的意见,经党员自由讨论和无记名投票,支部大会同意接受邵文静等,位同志为中共预备党员,邵文静等,位同志表态将一如既往坚定不移跟党走,立足本职岗位工作实际,为党的工作付出自己的努力,为实现共产主义事业奋斗终生,会议最后,支部书记对新入党的同志提出了要求,要求他们发挥先锋模范作用,做学生的表率,不忘初心,牢记使命,树立新观念,展现新姿态,用实际行动,为创造美好的明天而努力奋斗",2018/11/23,工商管理学院学生党支部召开党员发展大会
"为进一步引导我院青年学习贯彻习近平新时代中国特色社会主义思想和党的十九大精神,月,日工商管理学院组织了学生干部集体培训,田莉春书记在培训中作了题为,坚定理想信念,修身做人敬业做事,的报告,报告从理想信念的追求,做人,做事三方面内容展开讲述,引导学生要树立正确理想观念,不断努力实现自我价值,报告中田书记还谈了如何做好一名新时代青年学生骨干,并对青年学生骨干提出了明确要求,先立己后筑国,为张可成院长做了题为,道路自信与中国梦,制度经济学视角,报告,张院长立足制度经济学视角,从横向纵向两个方面深度分析了中国经济腾飞走势,他还结合自身经历,从自己青年时代奋斗讲起,分享短短,年时间内中国的惊人变化,张院长的报告最后落脚于广大青年学生,他讲到广大青年学生应该树立道路自信,坚决拥护党的领导,不断强化自身本领,学好知识,用所修专业为实现伟大中国梦助力,本次培训的开展有利于,提高学生干部思想政治素养,政策理论水平,创新实践能力与组织协调能力,为建立一支政治坚定,业务精干,作风过硬的学生骨干队伍打下了坚实基础",2018/11/16,工商管理学院党政负责人为学生干部讲党课
"月,日下午,我院党总支组织教职工党员赴山东省博物馆进行了参观学习,在讲解员的带领下,党员们依次参观了博物馆的各个展厅,通过参观,大家对齐鲁历史文化有了更直观的了解,为齐鲁大地悠久的历史和灿烂的文化而自豪,此次活动的开展,丰富了党员文化生活,提高了党员历史文化素养,达到了对党员进行省史省情教育的目的",2018/11/9,工商管理学院党总支组织教职工党员赴山东省博物馆参观学习
"月,日,日,由劳动经济学会和中国劳动关系学院联合主办,北京华智殊才企业管理咨询有限公司协办,山东工商学院承办的第四届中国大学生人力资源职业技能大赛,北方赛区比赛成功举办,来自北京,天津,河北,山东,山西,内蒙六个省市自治区的,支高校代表队伍参加了本次大赛,由工商管理学院学生王若思,刘相君,侯宝琳,刘丽组成的山东女子学院代表队在张景媛老师的指导下荣获本次大赛团体三等奖,其中,王若思同学和侯宝琳同学分获情景模拟和案例分析环节个人二等奖,刘相君同学和刘丽同学分获实务设计和无领导小组讨论环节个人三等奖,中国大学生人力资源职业技能大赛,是由中国劳动关系学院和劳动经济学会联合主办的一项全国性顶级专业赛事,该赛事由中国劳动关系学院创办,已成为人力资源领域涵盖学生,高校,企业等多方互联的应用型人才开发平台,本次举办的第四届中国大学生人力资源职业技能大赛以,共融,共享,共创,搭建应用型人才的开发平台,为宗旨,采用,各高校校内预选,六地区分赛,线上线下结合,赛事成绩多因素综合计分,企业全程参与,的模式,分为九大赛区进行比赛,北方赛区比赛分四个赛场同时进行,我校代表队与中国人民大学,南开大学,北京师范大学,中国劳动关系学院,北京理工大学等二十所高校共同进行了激烈角逐,经过,个小时的激烈比拼,我校代表队最终取得了团体三等奖,项,个人二等奖,项,个人三等奖,项的优异成绩,为增强学生,高校,企业互动,推进应用型人才开发研究深化发展,构建实践育人新高度,提高优秀管理人才的培育,工商管理学院积极鼓励并大力支持师生参加各类高水平科创竞赛及专业赛事,本次比赛为更好地了解企业实际用人需求和企业中人力资源现状,更精准地匹配企业需求,提高我院人才培养质量有着深远的意义",2018/10/25,山东女子学院代表队在第四届中国大学生人力资源职业技能大赛（HRU）北方赛区比赛中喜获...
"为学习习近平新时代中国特色社会主义思想,党的十九大精神,科技三会,精神和习近平总书记关于科学道德和学风建设的重要指示精神,月,日下午,工商管理学院在博雅楼,会议室组织收看了全国科学道德和学风建设宣讲教育报告会,除上课教师外,近,名教师参加了收看,年全国科学道德和学风建设宣讲教育报告会由中国科协,教育部,中科院,社科院,工程院,自然科学基金会联合开展,报告会邀请了黄旭华,施一公,怀进鹏等三位院士作报告,三位院士结合个人学习经验讲述了科研的魅力以及学术诚信的重要性,并指出科学研究要回归科学本质,实事求是,科研工作者应志存高远,脚踏实地,捍卫学术道德,共同维护学术尊严,他们鼓励青年学者潜心研究科学事业,并给予美好祝福,认真听取报告后,与会教师一致认为三位院士充分体现了科研工作者求真务实,敢于创新的科研精神和勇攀高峰,淡薄名利的团队精神,大家纷纷表示在今后的工作学习中一定严格遵守学术规范,坚守学术诚信,杜绝学术不端行为,努力成为优良学术道德的践行者和良好学术风气的维护者",2018/10/16,工商管理学院组织收看2018年全国科学道德和学风建设宣讲教育报告会
"学科水平是高校办学水平和综合实力的最主要体现,学科的竞争是大学竞争的基石,学科建设是构筑高等学校核心竞争能力的必由之路,学科建设工作也是学校各项事业发展的,龙头,当前学院正处于专业建设向学科建设转变的关键期,为了让老师们更加深入地认识学科建设问题,年,月,日上午,中国矿业大学公共管理学院院长,博士生导师段鑫星教授在学校博雅楼,为工商管理学院教师做了关于,学科建设的几点思考,的报告,段教授是北京师范大学心理学博士,美国杨伯翰,大学访问学者,兼任中国青年人才研究会理事,全国领导科学学会理事,中国领导人才专委会第一届理事会理事,国际成人初显期,委员会委员,段教授从管理学科总体概况,学科建设基础和学科建设目标三个方面进行报告,段教授的报告深入浅出,既有理论高度又结合管理学科实际,比如段教授谈到矿大公共管理学院学科方向的凝炼,具有鲜明的学科特色,谈到学术交流,包括举办学术会议和在学术会议上报告的重要性,学科总体建设目标的设定和预期标志性成果的梳理等等,段教授的讲座让各位老师对学科建设的思路更加清晰,对工商管理学科的发展途径和措施认识更加深刻",2018/10/9,工商管理学院举办学科建设讲座
"年,月,日下午,工商管理学院邀请南开大学商学院市场营销系博士生导师李东进教授,在博雅楼,会议室举行了题为,如何作工商管理学术研究,的讲座,讲座由工商管理学院院长张可成教授主持,学院及其他部门近,名教师参加了讲座,李东进教授在国内外重要学术期刊上发表,多篇论文,出版多部专著,主持国家自然科学基金项目,项,主持的中国科协项目获得中央领导的重要批示,讲座中,李教授结合自身研究和论文撰写经历,以消费者行为学研究领域的问题为例,对工商管理类论文的选题和写作技巧进行了深入浅出的讲解,最后结合所讲,对自己发表在权威期刊的一篇具体的论文进行了深度剖析,通过这次讲座,使我院教师对前沿学术研究与论文写作有了更为深刻的认识,开拓了思路,破解了选题,研究过程中的困惑,对提升我院教师学术研究水平和质量具有重要意义",2018/10/9,工商管理学院邀请李东进教授做学术讲座
"为了弘扬新时代爱国奋斗的精神,使同学们的思想更好地与十九大的精神相契合,提高同学们的思想觉悟,月,日,工商管理学院党支部于博学,召开了以,弘扬爱国奋斗精神,建功立业新时代,为主题的党日活动,活动伊始,刘文嘉同志介绍了郭永怀同志的伟大事迹,郭永怀同志作为一名科技工作者,作为一名中共党员,在力学,数学等方面均取得重大成就,为中国科技的发展做出重大贡献,并始终为祖国努力奋斗着,石明玉同志认为,从郭永怀身上,我们学习到了在这个时代应该具备的新时代爱国精神,明确了要增强对社会主义事业建设的责任感,以党的发展为己任,郑欣同志认为,斯人已逝,事迹不灭,精神长存,十几年来,郭永怀的故事逐渐为人们所熟知,郭永怀精神激励着一代又一代国人,最后梅妙同志向大家介绍了十九大中习近平总书记所做出的一系列重要指示,以及阐述的爱国奋斗精神对当代中国的重大意义,对在全社会弘扬爱国奋斗精神提出的明确要求,使同学们深刻领悟到深入开展的,弘扬爱国奋斗精神,建功立业新时代,活动,是贯彻落实习近平总书记重要指示精神,加强团结引领服务知识分子的重要举措,本次活动的开展,使大家重新认识和学习了在新时代应该具备更坚定的爱国主义思想与奋斗精神,使命呼唤担当,榜样引领时代,作为一名合格的共产党员,要坚定,四个自信,对党绝对忠诚,勇于担当作为,践行根本宗旨,坚守道德情操,要肩负起历史使命,将榜样的力量融入日常的学习中,为实现中华民族伟大复习中国梦贡献力量",2018/9/18,学生党支部召开“弘扬爱国奋斗精神、建功立业新时代”主题党日
"为进一步加强对外合作交流,提高教师科研能力,年,月,日至,月,日,工商管理学院在党总支田莉春书记带领下一行,人赴台参加高校教师研究方法研习活动,圆满完成了为期,周的研修任务,本次研修活动由台湾世新大学主办,按照研究方法培训主题,依次在世新大学,成功大学,东海大学,政治大学分别安排了来自台湾大学,世新大学,成功大学,逢甲大学,政治大学的专家教授讲授了,个研究方法的专题讲座,专家教授们结合自身的研究经验,科研成果以及实地案例,分别讲授了社会科学研究法,抽样理论与设计,与民意调查理论与实务,问卷设计分组实务操作,事件分析法,方法,大数据分析,焦点团体研究法,深度访谈法,视觉艺术与统计分析,追踪资料评估与分析等方法的基本理论及其在相关领域中的应用,我院教师认真聆听了各专家教授的专题讲座,积极参与课堂讨论,并就讲座内容的相关问题与专家教授们进行了广泛交流,通过此次研习,各位教师开拓了视野,切身感受到了台湾学术同仁严谨的治学态度,同时通过整体质化与量化研究方法的探讨,使参与研习的老师们在学术研究领域上有了更为深刻的学术意识觉醒和更进阶的学习体验,此次研习活动是工商管理学院高水平应用型本科建设项目师资队伍建设的重要内容之一,将有效提高教师学术科研能力,更好地推动我校高水平应用型本科建设,同时,研习活动为两岸教师提供了宝贵的交流机会,对加深两岸同根同源的观念,增进手足情谊,增强两岸一家亲的理念具有重要意义",2018/8/20,工商管理学院教师赴台研修学习圆满结束
"月,日,学校工商管理学院,暖心向,志愿服务队在济南市党家街道催马小学开展暑期夏令营活动,结合催马小学青少年具体的,差异化的帮扶需求,为孩子们带去了丰富多彩的特色社团课程,当十个手指遇上一首中国风歌曲会发生什么呢,手指舞课堂上,老师带领学生们将一首脍炙人口的,中国话,演绎出了全新的感觉,我喜欢手指舞,可是有点难,但是我愿意跟着老师好好学,手指舞课堂的小学生樊昌新如是说,当困难来临的时候,请你举起你的左手,左手代表着希望,他不会向挫折低头,合唱课堂的第一节有趣而有教育意义,在曲调的升降起伏中,志愿者们希望每位学生都能理解其中深意,面临困难,淡定从容,积极应对,绝不低头,将中国传统文化与舞蹈完美结合,古诗的悠远与古典舞的柔美相得益彰,一跳一挥手,稚嫩的脸庞写满认真,志愿者手把手教学,仔仔细细为他们纠正动作,这些是在我们舞蹈课堂上发生的景象,形式多样的课堂正在催马小学一幕幕上映,童年的求知欲也在一步步被满足,催马小学暑期夏令营社团活动架起志愿者与小学生沟通的桥梁,为小学生们带去了丰富多彩的社团课程,孩子们收获了知识,志愿者们收获了信任,催马支教梦,暖心勇前行",2018/7/17,工商管理学院暖心向Young志愿服务队：凝聚青春力量，吹响支教号角
"志愿路上,你我一起携手,青春途中,我们共同奋斗,年,月,日,日,山东女子学院工商管理学院,暖心向,志愿服务队催马小分队和罗而小分队分别到达目的地,团总支书记路宁老师,辅导员陈燕华老师带领,名志愿者走进小学,开始了为期九天的三下乡活动,多彩卡纸,橡皮泥,塑料吸管,都是志愿者们为小学生们准备的上课活动用具,连带行李被志愿者们一件件地搬上大巴车,踏上了征程,志愿者们的心情激动不已,罗而小学志愿者张哲说,虽然并不是第一次来罗而支教,但是想到有长达九天的支教,就还是有一些紧张,志愿者们和小学生们的初见在二楼报告厅展开,第一次相见总是腼腆的,暖心向,志愿服务队的队长王若思说,欢迎大家来到,年罗而暑期夏令营,对于夏令营大家肯定都不陌生,相比于往年来说,我们今年的夏令营会更丰富,更专业,更负责,击鼓传花,成语接龙,左右开枪小游戏让报告厅里的气氛慢慢地活跃起来,小朋友们和大朋友们的配合越来越默契,让孩子们和我们迅速熟悉起来,素质拓展是最有效的方法之一,下午,罗而小学志愿者带领着小学生们来到操场,准备进行素质拓展活动,小学生们分成四个班级,大家围坐在一起,各班依次展示队名和口号,别出新裁的三班选择了,超级英雄,当队名,口号,我是你的超级英雄,更是赢得了全场的喝彩,珠行万里,不倒森林,巨人的脚步,鼓动人心,和,呼吸的力量,丰富多彩的团队建设活动让孩子们迅速熟悉了起来,四年级一班的沈艺飞说,素质拓展活动很有趣,我学到了团结就是力量,三年级一班的孙悦琳在参加完不倒森林后说,老师一直跟我们强调,班里有人出差错时,不要嫌弃他,要鼓励他帮助他,一年级二班秦柄赫是此次活动中最小的小学生,参与度却不亚于四五年级同学,在参加呼吸的力量时,他说,最后吹爆气球的时候很难也很好玩,老师说人多力量大,真的人多气球才吹得快,短短两个小时能让我们的大朋友和小朋友变成好朋友,志愿支教行,我们在路上,青春正当好,暖心勇前行,名志愿者在党家街道催马小学,罗而小学,开启了支教的新征程,志愿者们蓬勃的精神面貌也在孩子们心中,留下了一抹亮丽的风采,让我们共同期待,暖心向,更多精彩的表现吧",2018/7/17,工商管理学院“暖心向阳”志愿服务队炽热青春心，暖心在路上
"东方君子国,邹鲁圣贤地,济宁邹城市,位于山东省西南部,南襟徐淮,北枕泰岱,东依沂蒙,西临微山湖,古称,邹鲁圣地,是中国儒学发源地,月,日,与经典同行,国学宣讲团走进,孟子故里,邹城,感受,孔孟桑梓之邦,文化发祥之地,的博大精深,国学宣讲团作为工商管理学院暑期,三下乡,社会实践服务队,名成员在学院党总支副书记刘瑶青的带领下,齐聚孟子故里,开展了以,走进儒风邹城,感悟孟子智慧,为主题的学习实践活动,邹城所容纳的德行,治国,礼仪,孝道是最具有中华文化特色的标志,在世界儒学研究和文明交流互鉴中的占据重要地位,涵养浩然之气,宣讲团成员体验成人礼,来自工商管理学院,物流本科的李捷说,孔孟之乡,礼仪之邦,这是我们第一次近距离地接触孟子文化,对于这次学习实践活动,我们相信会有更多的收获,在孟府大堂,国学宣讲团成员换上一袭汉服,体验成人加冠加笄礼,来自外国语学院俄语,王梦珂说,礼记,有言,冠者礼之始也,华夏文化是礼仪的文化,而冠笄之礼就是华夏礼仪的起点,通过成人礼这种传统仪式,启发我们青年人负责,仁义,孝廉等方面的精神品质,让心灵得到洗礼,谨记亲长训诲,正视自己肩上的责任,完成角色的转变,宣告长大成人,这一场别开生面的,成人礼公开课,让宣讲团成员感受到了古人的智慧与担当,成人者立于世,需重人,修德,行善,守诚,贵真,宣讲团成员体验成人礼,感悟古人智慧,宣讲团成员游览孟府,日晷,度量衡呈现出的古人聪慧与明睿,孟府大堂后方内宅核桃树,木香树,石榴树展现出的质朴与纯真,孟子养生堂,感恩堂,习儒馆展示出的亚圣的气魄与睿智,都在向宣讲团成员诉说着孟子深刻的思想内涵,来自工商管理学院人力资源管理,章若冰说,进入走进孟府之后,我才深刻地认识到孟子继承和发扬了孔子,仁,的思想,孟子特别劝告统治阶级对人民群众要实施,仁政,这是一种最理想的政治,如果统治者实行仁政,才能够得到人民的拥护,共读孟子经典,宣讲团成员感悟,孟母教子,文化底蕴,走进孟庙,看参天古树,遍地丰碑,感受历朝历代对孟子的尊崇之情,国学宣讲团成员在亚圣殿前亲子共读,孟子,经典名言,领悟孟子谋事之道,做人之道,为政之道,在孟子故居的门前,成员们更近距离地感受到了孟母的教子有方,在家庭教育,终身教育的今天,家庭教育的重要性不容忽视,同时传承传统精粹的决心也不容动摇,工商管理学院人力资源,宋慧说,通过对孟母庙的参观,深刻体会到孟母母教第一人的实至名归,也明白了育人需要好环境的道理,孟子学成,孟母功不可没,我们身临其境感受孟子及孟母的思想,也更加坚定了我们弘扬儒家传统文化的决心,与经典同行,国学宣讲团,走进儒风邹城,感悟孟子智慧,为主题的学习实践活动,引导宣讲团成员感悟先贤,启迪智慧,养浩然之气,做博学之人,激励他们在中华民族伟大复兴的进程中创新创业,勇担大任,贡献青春力量,发出时代光芒",2018/7/13,继往圣，开来学――走进儒风邹城，感悟孟子智慧
"为学习郑德荣等,名同志先进事迹,深入学习贯彻习近平新时代中国特色社会主义思想和党的十九大精神结合起来,更好地发挥先进事迹典型的示范引领作用,月,日,工商管理学院学生党支部于博学楼,开展了,争做先进模范,共做优秀党员,主题党日活动,学院在校党员参加了此次活动,活动开始,郑欣同志带领党员们共同学习了郑德荣等,名同志的先进事迹和高尚品德,学习了他们毕生悟初心,守初心,践初心和求真务实,埋头苦干,锐意进取,不断创新的精神,接着,党员们进行交流讨论,党员们对,争做先进模范,共做优秀党员,有了更深入的见解,纷纷表示要努力拼搏,艰苦奋斗,成为有思想,有情怀,有责任,有担当的社会主义建设者和接班人,此次活动,更加坚定了党员们的理想信念,将郑德荣等同志,的精神品质和价值追求内化于心,外化于行,坚定信念,开拓进取,矢志奋斗,不忘初心跟党走,青春建功新时代",2018/7/11,“争做先进模范，共做优秀党员”主题党日活动
"月,日下午,山东青年政治学院经济管理学院李亚光院长带领学院领导班子及相关教学,科研,行政业务负责人一行,人,来我院进行本科合格评估工作的经验交流和学习调研,我院张可成院长,田莉春书记及相关对口负责人同来访人员进行了座谈,张可成院长代表学院对到访兄弟院校的领导及老师表示热烈欢迎,张院长首先从学院的历史沿革,学科专业建设,师资队伍建设,人才培养等方面介绍了学院的基本情况以及近年来取得的办学成,其次针对学院在本科合格评估过程中开展的具体工作进行了详细的介绍,双方在愉快的氛围中就进一步培育办学特色,加强人才培养,强化专业建设和推进综合改革以及打造校院文化活动特色品牌等方面进行了深入探讨,座谈会后,相关对口的领导及行政处室和教研室进行了深入的沟通与交流",2018/7/6,山东青年政治学院经济管理学院到我院调研交流
"又是一年毕业季,届工商管理学院学子即将收拾行囊,踏上人生新的征程,月,日上午,点,工商管理学院,届毕业生代表座谈会在博雅楼,会议室召开,工商管理学院党总支书记田莉春,党总支副书记刘瑶青和,名工商管理学院,届毕业生代表参加了此次座谈,座谈会由刘书记主持,刘书记指出此次学院举办毕业生座谈会的目的是希望毕业生在离校之际,就学校,学院在教育教学及日常管理等方面存在的问题提出合理化建议,学院会认真分析这些问题并采取有效措施加以改进,使我们的人才培养更上一个台阶,接着,在座毕业生代表踊跃发言,他们表达了对母校的不舍之情和感激之情,感谢母校和老师对自己的谆谆教诲和用心培养,同时,就宿舍公寓管理,图书馆管理,就业培训指导,导师制度,连锁经营特色发展等与日常学习和生活密切相关的方面,细致坦诚地提出各自的建议,如希望增加优秀学子风采展示平台,为学弟学妹们提供努力的方向,在课程的安排上可以增加实践性技术性课程,给学生提供更多的实习机会等,最后,田莉春书记围绕三个关键词,祝贺,回首,希望,展开总结,她首先祝贺我院学子顺利毕业,对本科生四年,考试,作弊行为,提出表扬,并感谢,届毕业生为学院发展所作出的贡献和努力,接着田书记带领毕业生回顾了工商管理学院一路来所获得的成就,最后,她向毕业生提出了四点希望,做一个有梦想的人,心有多大,舞台就有多大,有目标,有追求就一定会成功,做一个踏实的人,从基层做起,从小事做起,不断总结,不断进步,做一个善于学习的人,与时俱进,不断学习,才能适应未来时代的进步,做一个自信的人,未来的道路上还是会有困难,要抱着坚韧的心勇敢前进,此次座谈会不仅使毕业生们通过经验的分享开拓了视野,也使得学院加强了与学生之间的沟通交流,为以后学院工作的顺利开展奠定了基础,指出了努力方向",2018/6/29,工商管理学院举行毕业生代表座谈会
"为了对毕业生党员进行再教育,倡导毕业生心怀感恩,文明离校,月,日工商管理学院学生党支部在博学楼,召开,忆初心,温誓词,别母校,踏征程,主题党日活动,活动开始,徐晨莹同志首先向大家介绍了本次活动的活动背景和活动流程,然后向大家分享了学校的历史和先进人物事迹,带领党员们重温了女院,精神,自强不息,百折不挠,求实创新,不断攀登,并相互交流如何在以后的工作和生活中传承和发扬这种精神,党员们一致认为,毕业后要更加严格的要求自己,在工作方面要踏实肯干,严谨认真,作为步入社会的新人,要怀有,空杯心态,虚心求教,不断充实自己,其次,在思想上要牢记初心和使命,与时俱进,明确自己的定位,找好自己的前进方向,最后,在生活中积极帮助身边需要帮助的人,时刻以党员的标准严格要求自己,时刻记住自己是一个女院人,自己的言行代表母校的形象,在生活中传承和发扬女院精神,最后,由毕业生党员代表李云扬同志向全体毕业生党员发出倡议,并宣读学生党支部发出的毕业生文明离校倡议书,倡议毕业生们用,实际行动回报学校的关怀与教育,遵守规章制度,文明告别母校,此次主题党日活动,使毕业生党员对未来的生活和工作有了新的规划和更高要求,为今后的工作和生活奠定基础",2018/6/27,学生党支部开展毕业生党员教育主题党日活动
"又到毕业季,今年,我们想讲一个时代的主题,我们生长在一个好时代,不用追溯几百年或者上千年的中国历史,仅仅是侧目回望,从,年改革开放开始,中国社会在政治,经济,科学技术,文化等领域经历了翻天覆地的变化,经济发展大跨越,综合国力和国际影响力实现了由弱到强的历史性巨变,经济结构深刻变化,经济发展的协调性和可持续性趋于增强,供给能力大提高,商品和服务实现了由短缺到丰富充裕的巨大转变,基础设施和基础产业大发展,经济发展的支撑条件显著改善,对外经济大飞跃,实现了从封闭半封闭到全方位开放的伟大历史转折,人民生活大改善,实现了从温饱不足到总体小康并向全面小康迈进的历史性跨越,社会事业大进步,呈现出由社会事业发展相对滞后向经济社会全面协调发展转变,如果这些表述太官方,太抽象,就去看看,厉害了,我的国,和,红海行动,就只带着手机,坐上高铁在青山绿水,高楼大厦间闲逛一天,作为新时代的大学毕业生,离开学校,身处社会,企业,必须要了解这个时代,清楚地看到这个时代的利好,只有看到,了解并深刻理解这个时代的,好,才有机会掌握和利用这个,好,我们要相信这个时代能够成就我们,能够给我们带来幸福的生活,一个人最终一生有多大成就,首先取决于所处的时代,全世界,个最富有的人中有,出生在同一个国家,而且都在,年,年这,年间,这就是美国的第二次工业革命期间,洛克菲勒,老梅隆等都是那个时代的人,而中国现在所有的富人基本上都赶上了改革开放的浪潮,所以说,生在一个好时代,人的命运就被决定了,要相信这个时代,今年有超过,万的毕业生,这将是未来几年中国社会发展的重要人力资本和人才推动力,各位同学也身处其中,要看到这个时代积极的,正能量的方面,要相信这个时代能够成就我们,即使我们没有远大的理想,这个时代也能给我们带来惬意的诗和远方,我们要为这个时代做出自己的贡献,这个时代是属于年轻人的时代,作为新时代的大学毕业生,突显个性,发展自我,实现自我价值,就是为这个时代做贡献,这个关键点是,做,努力做人,努力做事,调整我们职业成功的标准,去做自己喜欢的事情,去发现这个社会的,创新点,一定有机会实习人生的价值,各位同学,四年的大学生活,我们与你同行,未来的人生道路,唯有美好的时代不可辜负",2018/6/26,我们生在一个好时代――工商管理学院毕业生寄语
"亲爱的毕业生们,大家好,时光荏苒,岁月如梭,大学的时光转瞬即逝,静心湖旁的李清照,图书馆里好学的身影,操场上奔跑的热情,都将永远篆刻在我们的记忆深处,在这即将毕业离校之际,作为毕业生党员,我们更要以实际行动回报学校对我们的关怀与教育,现向,届毕业生发出以下倡议,充分发挥先进模范表率作用,学生干部学生党员在离校工作中发挥模范带头作用,协助学院老师做好毕业相关工作,加强同学们间的交流做好师生间的沟通,引导毕业生文明离校,遵守规章制度,文明告别母校,遵守校规校纪,不打架,不酗酒,爱护学校一切的公共设备,为母校留下一个干净整洁的氛围,提高安全意识,加强自我防范,离校之际正式人员繁杂之事,要注意提高安全意识,确保每一个毕业生安全离校,离校后要继续保持自强不息,百折不饶,求实创新,不断攀登的女院精神,不辜负母校的栽培和希望,希望,届毕业生珍惜过去,把握现在,带走学校和老师对同学们美好的期望和嘱托,留下同学们对母校诚恳的意见和建议,衷心祝愿大家前程似锦,不负韶华,工商管理学院学生党支部,年,月,日",2018/6/22,工商管理学院2018届毕业生文明离校倡议书
"为深入学习贯彻落实习近平总书记的在北京大学的师生座谈会和马克思诞辰,周年大会上的讲话精神,同时将曹云升教授的讲话精神传递给工商管理学院的每一位同学,月,日下午,工商管理学院在博学楼,开展了,学习新思想,千万师生同上一堂课,学习交流活动,本次活动由工商管理学院秘书处部长徐梦瑶主持,级各专业部分同学共同参加本次活动,首先,徐梦瑶同学带领同学们学习了,山东高校习近平总书记重要讲话精神讲师团,成员,山东交通学院马克思主义学院曹云升教授作的题为,让青春为实现中国梦而绽放,的报告,曹教授从梦想的含义和作用,个人梦和中国梦的关系,以青春梦托起中国梦等方面做的生动精彩的阐述和讲解,报告引经据典,为新时代大学生成长成才指明了方向,随后,级各班团干部向大家分享了自己的学习感悟,同学们纷纷表示学习了此次报告受益良多,对找准自己的责任担当,明确人生的努力方向具有积极作用,工商管理,班长韩昭阳跟同学们分享道,曹云升教授的讲话中,让我深刻感受到了梦想的重要性,作为新时代大学生,我们要心存理想并为之努力奋斗,要提高认识,进一步增强学习贯彻新思想的责任感和使命感,努力做社会主义事业的坚定信仰者,忠实实践者,此次活动的开展,让同学们深刻地认识到了梦想和奋斗的重要性,使同学们进一步理解了习近平总书记重要讲话精神,深刻领会和把握了新思想的丰富内涵和精髓要义,激发起同学们实现,中国梦,的昂扬斗志和砥砺前行的力量,对同学们的日后的发展具有深刻的教育意义",2018/6/19,工商管理学院开展“学习新思想，千万师生同上一堂课”学习交流活动
"月,日下午,工商管理学院,管理学,人力资源管理,课程在线课程建设启动仪式在求实楼智慧树教学工作室正式启动,课程负责人,工商管理学院副院长李仕超,智慧树网上在线课程负责人赵乐然及,管理学,人力资源管理,课程组老师参会,启动仪式上,李院长对,管理学,及,人力资源管理,课程作为线上课程开课的启动表示了热烈祝贺,并提出了对线上课程建设的要求,智慧树网上在线课程负责人赵乐然从课程设计,视频制作,视频质检,教程制作等方面对智慧树网上课程进行了详细的介绍,并结合课程特点选择优秀视频进行展示,会后,课程组老师还实地参观了课程录制现场,课程组老师通过学习,观摩,纷纷表示受益匪浅,大家一致认为,在线课程的方式可以更好的实现,以学生为中心,的在线自主学习讨论,优质课程资源共享,对教师也是一种相互学习,交流提高的平台和机会,可以运用这种新理念,新方法,迎接新挑战,为推进学校教学方法的改革做出应有的贡献",2018/6/8,《管理学》、《人力资源管理》课程举办在线课程建设启动仪式
"由中国连锁经营协会举办的,年中国连锁企业人力资源峰会,于,月,日在南京召开,我校工商管理学院院长张可成教授,工商管理教研室主任秦善勇副教授代表学校参加了会议,会议除了举办主题研讨,平行峰会,人力资源解决方案展示,校企合作对接洽谈等系列活动外,还选举了新一届中国连锁经营协会校企合作委员会委员和主任委员,新一届委员任期为四年,正式选举之前,全国校企合作委员会成员单位首先推出,家企业和,家高校组成的委员代表,委员代表又推选出主任单位候选人,候选人经过竞聘演讲,委员投票,最终,家企业和,家高校在选举中胜出,经过竞聘选举,山东女子学院再次被选举为中国连锁经营协会校企合作委员会副主任单位,校企合作委员会主任采取副主任轮换担任制,本届任期中,我校将有一年时间与企业副主任单位联合担任校企合作委员会主任,再次当选中国连锁协会校企合作委员会副主任单位,将为我校连锁管理人才培养提供更好的平台和校企合作机会,为我校管理人才培养水平的提升打下坚实基础",2018/6/7,我校再次当选为中国连锁经营协会校企合作委员会副主任委员单位
"年,月,日下午,工商管理学院,级学生集中实习企业宣讲会在博文楼,举行,来自凯瑞餐饮集团,万枫酒店,如家酒店集团,婴贝儿集团,家家悦集团的相关负责人亲临现场,为参加集中实习的,多名学生进行企业文化,企业发展和实习制度的介绍,宣讲会由工商管理学院李仕超副院长主持,宣讲会上,李院长对各家企业的准时到来表示了热烈地欢迎,对各家企业为学生提供实习的机会表示了真诚地谢意,同时鼓励同学们积极了解企业,找到适合自己的实习岗位,接下来,五家实习单位依次进行十分钟,形式的宣讲,凯瑞集团的熊云霞经理着重介绍了其企业品牌,城市共享中央厨房等六大平台,实习机制灵活,万枫集团的赵经理幽默地呈现了为同学们提供的良好实习环境,首旅如家的刘超店长展示了如家的发展历程,家家悦的人力资源经理以企业对人们衣食住行全方位的渗透来强调其企业对人们生活影响之广泛性,婴贝儿的招聘专员则用其员工的成长阶梯来为同学们呈现各阶段的岗位情况,宣讲会上还有来自北京的三家企业,北邮科技酒店,文津国际酒店和外国专家大厦也介绍了各自地实习生招聘情况,参会的同学们积极的与各个企业进行沟通,呈递简历并进行了现场报名,宣讲会场气氛活跃,通过此次集中实习企业宣讲会,同学们更加近距离的与企业进行了接触,找到了适合自己的心仪实习岗位,同时也增进了校方与企业的交流,为以后的继续合作打下好的基础,沈旭",2018/6/3,工商管理学院召开2015级学生集中实习企业宣讲会
"月,日下午,学校组织财经委员会成员在博雅楼,会议室就工商管理学院承担的山东省高水平应用型工商管理本科专业群建设项目分年度预算控制方案进行了论证,教务处处长穆勇,人事处处长富元斋,财务处处长迟罗绮,教务处副处长李宏,科研处副处长刘进军出席此次论证会,工商管理学院副院长王雷,李仕超和工商管理学院各教研室主任以及本建设项目秘书列席会议,评审会由工商管理学院院长张可成主持,工商管理学院副院长王雷就山东省高水平应用型工商管理本科专业群建设项目分年度预算控制方案制定依据进行了说明,具体依据是,山东省高水平应用型立项建设专业,群,绩效考评指标及计分表,工商管理学院十三五规划,山东省高水平应用型大学建设奖补资金管理办法,并重点介绍了分年度各具体建设项目内容及其预算指标,与会学校财经委员会成员对预算控制方案进行了深入分析,提出了改进意见,此次论证会是在去年学校有关部门论证会基础上召开的,通过学校财经委员专家的讨论,大家对项目的指导思想,原则,建设思路有了更加清楚的认识,为下一步的方案制定指明了方向",2018/5/25,学校组织召开山东省高水平应用型工商管理本科专业群建设项目
"月,日下午,工商管理学院创业大讲堂邀请了婴贝儿健康管理顾问有限公司董事长刘长燕女士为我院,级,级部分同学做了题为,住未来,成功起跳,我们一起向梦想狂奔,主题讲座,讲座开始前,我院党总支田莉春书记致辞,她勉励同学们要勤于思考,知行合一,不怕失败,敢于创新,刘长燕女士的讲座从,当代大学生的就业现状,谈起,旁征博引,深入浅出,结合自己的经历,通过大量鲜活的案例,为同学们详细解读了身为员工希望遇到怎样的老板,而老板又需要怎样的员工,为何大学生毕业等于失业,为何许多工作岗位仍然空缺等问题,引导大家,如何成为一名成功的创客,让大家深刻认识到了,谁是创业者,谁是成功者,刘女士还与在场同学们进行了热烈的互动交流,生活中的一些经验分享深刻地启示了同学们,现场的气氛热烈,掌声如雷,经久不息,刘长燕女士的精彩讲座激发了我院大学生的创新创业热情,激励同学们胸怀梦想,敢于尝试,努力实现自己的,青春梦,创业梦,不拘于时,未雨绸缪,大学的学习生活,不是安逸,我们需要更强的自主创新意识,以积极的学习态度在校园内汲取到更多的知识,为自己的青春梦拼搏,为国家的复兴梦奋斗",2018/5/18,工商管理学院成功举办创业大讲堂之“Hold 住未来，成功起跳”主题讲座
"年,月,日,由中国人力资源开发研究会知识技能竞赛理事会主办,河北农业大学承办的第三届全国大学生人力资源管理知识技能竞赛,精创教育杯,第一大区赛成功举办,来自北京,天津,河北,山东,山西,内蒙古六个省市自治区的,所本科院校的,支队伍参加了本次竞赛,由我院学生程雪娇,石明玉,朱秀玲,李佳组成的山东女子学院代表队,在张景媛和黄俊祺老师的指导下荣获本次大赛二等奖,本次竞赛采用团队合作的方式进行模拟对抗操作,每支参赛队成员为四人,比赛分为三个小组同时进行,我校代表队与天津财经大学珠江学院,天津商业大学,河北科技师范学院,济南大学,山东财经大学东方学院,廊坊师范学院,内蒙古财经大学,包头师范学院,河北民族师范学院,首都经济贸易大学,山东英才学院,天津农学院,河北农业大学一组进行了激烈角逐,经过,个多小时的脑力和心理博弈,我校代表队最终取得了二等奖的好成绩,为全面落实,国家中长期教育改革和发展纲要,进一步推动实践育人工作开展,构建实践育人新高度,加强就业创业教育,促进创新人才成长,推动实践教学改革,提高优秀商科人才的培育,积极推动产教研有效融合,我院积极推动和大力支持各类科创竞赛及专业赛事的发展,本次大赛取得的成绩不仅是对学院以往工作的肯定,同时也对我院在进一步推动本科实践教学改革,提高人才培养质量的道路上提出了更高的要求",2018/5/10,我院参加第三届全国大学生人力资源管理知识技能竞赛（精创教育杯）第一大区赛获二等奖
"月,日上午,学院组织全院师生利用集中,分散等各种形式观看了几年马克思诞辰,周年大会,聆听了习近平总书记在纪念大会上的重要讲话,党的十八大以来,习近平总书记在许多场合强调学习马克思主义的重要性,要求全党认真学习马克思主义,把握马克思主义中国化最新成果,用科学理论武装头脑,指导实践,推动工作,习近平在纪念马克思诞辰,周年大会上发表的重要讲话,在我院广大青年,尤其是青年师生中引发热烈反响,大家表示,要认真学习贯彻习近平总书记重要讲话精神,新时代继续高扬马克思主义伟大旗帜,让人类社会美好前景不断在中国大地上生动展现出来",2018/5/7,学院组织师生观看纪念马克思诞辰200周年大会
"年,山东女子学院团委与共青团济南市中区委紧密合作,通过前期深入党家街道,陡沟街道等社区进行摸底调查,实地探访和收集学生需求后分析发现,这些地区的学校普遍存在着文体教师较少,学生需求丰富的矛盾,为更好发挥学校人才智力优势,服务地方,使地区偏远的在校学生能够接受到更加全面的教育,首先由工商管理学院,暖心向,志愿服务队,对接罗而小学开展了,花,蓓蕾,励志夏令营和,快乐星期四,特色支教活动,社团小课堂,童心大梦想,支教项目就此拉开了序幕,一,青春扶贫,人才扶智,筹建体系化支教服务项目,工商管理学院大学生志愿服务团队紧紧围绕着,奉献,友爱,互助,进步,的志愿服务宗旨,经过精心挑选,选拔出了一批又一批的有爱心,有才能,有责任,有梦想的大学生组成了一支积极向上的志愿服务团队,大学生志愿服务团在催马小学,罗而小学开设了手工,健美操,国学,乒乓球等,多门社团课程,社团志愿者围绕服务学生的需求和特点,精心设计服务内容,准备人性化教案,不断提升教学效果,对社团志愿者实行,课前试讲,生动授课,课后反馈,考核制度,在开展,快乐星期四,支教活动之前,让大学生志愿者进行课前试讲,对志愿者的教学目标,教学内容,教授过程进行全方面考核,同时在支教活动之后进行志愿者工作总结,通过体系化志愿支教服务项目的筹建,既促进了人才扶智,推动了全区城乡统筹发展,也提高了广大青年的社会实践能力,让青年学生服务基层中实现自我价值,二,不行不至,不为不成,持续完善支教服务项目,工商管理学院大学生志愿服务团队在校团委和学院老师的指导下,扎实开展志愿服务工作,成绩显著,社团小课堂,童心大梦想,助困支教项目以发挥青少年的自身能力,发展保护青少年成长安全为出发点,以社工,增能理论,为服务指导理论,主要开展,常规志愿服务,个案辅导,营会活动和主题团日,坚持,手握青春传递知识,寓教于乐快乐成长,的宗旨,引领广大青年在志愿支教活动中释放青春激情,追逐青春理想,培养青少年社会责任感,实现青少年的成长发展梦,以青春之我,奋斗之我,为民族复兴铺路架桥,为祖国建设添砖加瓦,一,常规志愿服务,快乐星期四,特色社团项目组织推进了包括,快乐星期四,溢新希望,快乐星期四,暖,助成长,在内的两个特色项目服务,制定了,三定三有一反馈,的活动制度,三定,指,定时间,定地点,定内容,三有,指,有计划,有器材,有考勤,一反馈,指由教师反馈活动进程,二,暑期营会活动,年至今的每个暑期,暖心向,志愿服务队都会赶赴两所小学开展青春三下乡之旅,带领两所小学的小学生开展了为期十天的营会活动,通过,墨韵书香,书法课堂,手铸初心,功不唐捐,手工课堂,音乐之声,英文合唱,头脑小风暴,科学大梦想,科学实验等校内活动,校外的,行走的课堂,带领小学生开展,魅力大学,精彩世界,赴书香女院参观,感受海洋世界,赴极地海洋世界参观学习,走进经典,牧野传奇,观影,追寻历史足迹,赴山东省博物馆参观学习等活动,进一步开阔小学生的视野,同时开展,感恩亲子活动日,三,个案辅导,个案服务,志愿服务队服务时间为每周四下午,主要通过在特色社团,营会活动中对学生进行细心观察,同时与班主任进行沟通交流,开展团队融入活动,运用专业理论技巧,对学生进行关怀疏导,调整其心理状态,使其适应正常学校生活,实现健康成长,四,主题团日队日活动,大学生志愿服务团队不断地探索教育帮扶常态化模式,发挥青春力量,用青春步伐陪伴欢乐童年,开展了多次主题团日队日活动,大小学生一起登上山东女子学院第六届合唱比赛的舞台,党家街道催马小学生代表与大学生志愿者共同参加学校,三下乡,社会实践启动仪式,纪念五四运动九十九周年暨,争做新青年,共筑复兴梦,主题团日,不忘志愿初心,矢志奉献社会,营造良好氛围,以实际行动助力乡村振兴,三,乘风好去,长空万里,硕果累累更需前行,不忘志愿初心,矢志奉献社会,三年来,工商管理学院大学生志愿服务队累计服务近,次,受益小学生,余人,共计服务,余小时,开设的,多门社团课程深受小学生和家长喜爱,赢得了地方的认可,孩子们对志愿者们说,长大后,我愿成为你,家长对志愿者们感谢道,想对你说,无论何时何地,愿你平安快乐,我们永远记着你,罗而小学校长说,女子学院的大学生志愿者们承担了学校的社团活动课程后,丰富的课程带给罗而的孩子不同的学习体验,罗而的孩子们非常的喜欢这些哥哥姐姐们带来的课程,志愿者们与孩子们手牵手,以青春建新功,为乡村振兴而贡献力量",2018/5/4,工商管理学院“社团小课堂・童心大梦想”助困支教项目巡礼
"月,日下午,工商管理学院党总支开展了主题党日活动,组织全体师生党员观看了爱国主义教育影片,厉害了,我的国,影片用极具震撼和视觉冲击力的影像,集中展现了中国车,中国桥,中国港,中国路,中国网,大飞机等科技创新,中国制造所取得的历史性成就,一幕幕壮观的镜头,展示了党的十八大以来,科技发展,经济建设,国防军事和改善民生等方面,在创新,协调,绿色,开放,共享的新发展理念下,所发生的翻天覆地的变化,通过观看,厉害了,我的国,学院进一步凝聚了全体师生党员的正能量,提振士气,增强信心,师生党员纷纷表示要在思想和行动上坚决服从学院党总支的工作部署,努力完成各项工作任务,撸起袖子加油干,努力成为新时代的坚定奋斗者和奉献者",2018/4/28,学院党总支举行观影主题党日活动
"月,日下午,工商管理学院在博文楼,召开了,级本科专业实习动员大会,会议由工商管理学院党副院长李仕超主持,学院副书记刘瑶青,教研室主任秦善勇,黄俊祺,张丰智,负责实践教学的吴磊老师,以及工商管理,人力资源管理,市场营销专业,级本科学生参加了动员大会,首先,李仕超院长先从应用型本科专业建设的要求,人际交往,工作经验和毕业论文选题四方面阐释了实习环节的重要性,然后详细地介绍了,级专业实习方案,接着,刘瑶青书记向同学们强调了参加实习期间的安全问题,提醒大家务必要提高警惕,防范在选择实习单位时可能出现的陷阱,并提醒学生传销组织的特点,最后希望同学们注意自己的网络言论,避免负能量的传播,最后,吴磊老师介绍与本学院有校企合作关系企业的基本情况,鼓励大家踊跃报名,并能从中有所收益,会后许多学生就专业实习的相关问题与各位老师深入沟通,气氛热烈,效果很好,本次动员会的不仅为准备,级同学提供了认识实习的机会,更有助于同学们树立安全意识,同时也对我院的教学实践环节的开展产生了积极影响",2018/4/27,工商管理学院召开2015级本科专业实习动员大会
"为深入贯彻落实习近平总书记对黄大年同志先进事迹的重要指示精神,引导广大教师持续向黄大年同志学习,山东省教育厅经各高校遴选推荐,组织专家评审,年,月共确定,个,山东省高校黄大年式教师团队,我校山东省高等学校教学名师张可成教授领衔的经济管理学院教师团队获此殊荣,经济管理学院黄大年式教师团队在教育教学,科研创新,服务社会,团队建设等方面成绩突出,为学校女子高等教育教学改革和工商管理类应用型人才培养创新作出了重要贡献,在教育教学方面,提出了培养,女性高级管理人才,的办学定位,设计了,协同行业,双群对接,集成培养,的应用型人才培养模式,打造了一系列省级教学品牌,山东省首批高水平应用型培育立项建设专业,群,工商管理专业,群,省财政,万资助,山东省人才培养模式创新实验区,省内工商管理学科唯一,工商管理省级特色专业,升本后学校首个,市场营销学省级教学团队,山东省教学改革研究重点项目,应用型女子高等院校办学定位及发展战略研究,人才培养模式,年被大众日报报道,年获中国连锁经营协会校企合作优秀案例及山东省第八届高等教育教学成果二等奖,在科研创新方面,建设了企业管理校级重点学科,校级重点实验室以及连锁经营管理研究中心,蔬菜品牌建设与管理工程技术研究中心等科研机构,举办了,山东社科论坛,山东经济学年会,区域管理科学与工程,等国内国际学术会议,年,获批山东省,十三五,高等学校人文社会科学研究平台,山东省女性人力资源开发与管理研究基地,同时工商管理学科跻身中国高校,区域一流学科,年,团队的主要负责人张可成教授和张务伟教授同时获批国家社会科学规划基金项目,为学校国家社科基金项目的突破锦上添花,在服务社会方面,团队受企业和中国连锁经营协会委托,不断承担横向科研课题,利用专业理论优势帮助企业行业解决管理实际问题,如与泰安市维海太阳能有限公司开展的,光热产品营销渠道与盈利模式研究,项目,与山东凯瑞酒店管理咨询有限公司合作的,电商环境下连锁行业营运模型创新研究,项目以及与中国连锁经营协会合作的,个系列课题等,同时团队积极为企业提供咨询培训等服务,团队教师为家家悦集团建设了店长培训支持系统,为诚信行集团和凯瑞集团企业中层干部竞聘做评委,并多次到家家悦,舜和酒店,如家酒店等企业为员工提供,团队合作,企业培训师培训,等培训,弥补企业员工部分理论知识的短板,为企业提供了智力支持和软实力保障,在团队建设方面,始终秉承,学为人师,行为世范,的精神,坚持以德治学,团队核心成员涵盖各个教研室主任,实实在在以本团队的建设带动了各个教研室团队的建设,围绕教学,以课程为核心建立课程群和课程组,进行教研教改,促进了教学质量的提高,现有省级教学名师,人,省挑战杯优秀指导教师,人,校级中青年骨干教师,人,校级优秀教师,人,校级教学能手,人,校级师德标兵,人,学校优秀教育工作者年均,人,围绕科研方向进行学术研究,强化团队科研优势,成立了一系列科研团队和科研机构,目前在山东农业大学经济管理学院担任合作博士生导师,人,在山东农业大学,齐鲁工业大学担任硕士生导师或合作硕士生导师,人,经济管理学院黄大年式教师团队在张可成教授的带领下,奔向优秀,追求卓越,在女子学院这块沃土上,勤耕耘,喜收获,带动一个个团队成熟,带动一位位教师成长,使团队价值体现到极致,干亮丽的事业,度充实的人生",2018/4/1,张可成教授领衔的经济管理学院教师团队荣获“山东省高校黄大年式教师团队”
"年,月,日下午,工商管理学院邀请中山大学管理学院博导,清华大学博士后王海忠教授,在博雅楼,会议室作了题为,案例教学组织与管理,的讲座,工商管理学院院长张可成教授主持,工商管理学院及其他学院共,余名教师参加了讲座,王海忠教授对于案例教学有深入研究,曾受邀在全国诸多名校作过案例教学讲座,受到广大教师的欢迎,讲座中,王教授就案例教学的理论研究和实践应用做了深入浅出的讲解,首先,从多种视角与教师们共同探讨了案例教学的含义,从国际化视角分析了案例教学的理论研究现状,指出了当前案例教学研究的前沿和热点问题,其次,重点讲述了案例教学在实际教学中组织和管理的技巧以及需要注意的关键问题,最后,王教授通过问答方式与参与讲座的教师就案例教学组织与管理中遇到的典型问题进行了解答和讨论,讲座中,王海忠教授见解独到,极具实用性,教师们热情饱满,积极参与,讲座取得了理想的效果,对提升我院教师案例研究能力和教学水平具有重要的意义",2018/3/24,工商管理学院邀请王海忠教授做学术讲座
"年,月,日,工商管理学院举行了,届本科毕业生开题审核会,工商管理,人力资源管理,市场营销专业共,名本科毕业生参加了此次开题审核,本次开题审核分七组进行,每个审核组由一名审核组长,两名审核老师和一名审核秘书组成,审核过程分为学生汇报和审核老师提问两个阶段,上午,开题审核正式开始,学生首先汇报自己的论文选题,并简要陈述选题的研究目的和意义,研究现状,研究内容和研究方法等,随后,审核组老师针对论文选题提出相关问题,由学生现场逐一回答,最后,审核组老师对选题的价值和创新点进行点评,并提出了修改意见,学生认真听取并将修改意见记录在开题审核记录表上,本次开题审核的整个过程秩序井然,各审核组老师严把论文质量关,对学生的论文选题目的,研究思路,研究方法,可行性等反复推敲,力求通过开题审核促使学生对论文选题和研究过程进行再思考,以提高学生的研究能力和毕业论文质量,本次开题审核也为学生提供了一个实战的平台,既展示了学生的学识,能力和口才,也考验了学生的胆量与魄力,同时也为以后的毕业论文答辩做了预演,为我院,届本科毕业生毕业论文工作的顺利开展提供了保障",2018/3/18,工商管理学院本科毕业生开题审核会顺利举行
"月,日上午,点,十三届全国人大一次会议在人民大会堂开幕,我院组织师生通过多种形式收听收看了此次直播,李克强总理代表政府所做的工作报告内涵丰富,催人振奋,在师生中引起了强烈反响,工商管理学院辅导员陈燕华老师,过去的五年,我国经济社会发展主要目标任务全面完成并好于预期,取得了全方位,开放性成就,尤其是扶贫攻坚,共享经济,科技创新等方面的突破性成就,再次令世界瞩目,让我们广大高校师生倍感振奋和自豪,作为基层学生工作者,要踏实认真学习政府工作报告精神,学深学透,学实学新,创新开展学生的思想政治教育工作,积极向广大青年学生宣传新思想,新要求,新战略,引领和激励学生增强责任感和使命感,通过努力学习,勤于实践,团结进取,接续奋斗,在中华民族伟大复兴的新征程中砥砺前行,筑梦圆梦,工商管理学院专业教师黄世国老师,总理的工作报告中提到,五年来,我国经济实力跃上了新台阶,国内生产总值从,万亿元增加到,万亿元,年均增长,占世界经济比重从,提高到,左右,对世界经济增长贡献率超过,作为一名高校教师,我们要把对国家昌盛的自豪传递给学生,提高学生民族自豪感和爱国主义精神,对于报告中提到的要实施创新驱动发展战略,优化创新生态,形成多主体协同,全方位推进的创新局面以及要扩大科研机构和高校科研自主权,改进科研项目和经费管理,深化科技成果权益管理改革,我们要积极配合并践行,为国家创新驱动发展缪力同心,增砖添瓦,努力贡献自己的一份力量",2018/3/5,工商管理学院组织师生收听收看第十三届全国人大一次会议开幕直播
"月,日下午,学校纪委书记黄晓彦和纪委相关同志来我院走访调研进行座谈,学院全体班子成员和教师代表,辅导员代表参加了此次座谈,座谈会上,张可成院长对黄晓彦书记一行的到来表示热烈欢迎,并就学院,年工作要点进行了汇报,重点介绍了学院学生竞赛招标项目和高水平智库建设项目,田莉春书记等与会人员还就学校下一步的综合改革对人才引进和学生教育管理等方面存在的问题展开了交流和探讨,黄晓彦书记肯定了工商管理学院在教学,科研方面取得了显著的成绩,肯定学院党政联系会议制度的落实情况,对学院为学校的培养输送了大批年轻有为的干部表示感谢,黄书记表示希望学院继续贯彻落实党务政务信息公开制度,建立信息畅通的渠道,健全风险防控机制,变待遇留人为环境留人,为广大教师提供发挥智慧贡献力量的平台",2018/3/4,黄晓彦书记一行到工商管理学院走访调研
"年,月,日上午,山东农业大学经济管理学院在文理大楼举行了,年度学术年会暨兼职教授聘任仪式,会议由山东农业大学经济管理学院院长陈盛伟教授主持,山东农业大学校长张宪省教授到会讲话,并颁发聘书,我校工商管理学院院长张可成教授参加了受聘仪式,被聘为兼职教授,本次一同被聘为兼职教授的共四人,其他三位分别是,农业部原总农艺师孙中华,国内农经领域泰斗,前国务院学位委员会农经学科评议组召集人,教育部农经类学科教学指导委员会副主任,南京农业大学经济管理学院前院长钟甫宁教授,国务院学位委员会工商管理学科评议组成员,教育部工商管理学科教学指导委员会副主任,首都经贸大学工商管理学院学术院长高闯教授,聘任仪式上,张宪省校长作了重要讲话,他指出,四位专家都曾在各自的领域做出过很大成绩,在不同领域对山东农业大学的发展给予过很大支持,期待四位兼职教授在今后的工作中,为山东农业大学经济管理学科专业和团队建设,发挥更加重要的作用,共同为山东农业大学发展做出新的贡献",2018/1/12,工商管理学院院长张可成教授被聘为山东农业大学兼职教授
"为培养经济管理学院学生干部团队意识和组织协调能力,增强学生干部队伍凝聚力,月,日,经济管理学院党总支齐振花副书记及辅导员老师带领学院,名学生干部赴山东省青少年素质教育中心开展了素质拓展活动,学院全体学生会干部以及,级,级班团成员共同参加本次活动,上午八点,学生们乘车顺利到达山东省青少年素质教育中心,一路上,同学们既紧张又兴奋,共同期待着今天的新征程,首先,培训教练对接下来的活动作简要介绍并开始进行团队建设的培训,同学们按照要求,完成了队长,队秘,队名,口号,队歌的选择以及队旗的设计工作,接着,教练带领着六个团队的成员到达活动场地,开始了第一个活动项目,团队圣塔,这个项目不仅考验同学们的脑力和反应能力,同时对于团队领导和协同合作也是一个挑战,正如教练所强调的,作为一个团队就要有一个共同的目标,同时要懂得目标管理,将大目标化成小目标,最终达到最终目标,第二个项目,蛟龙出海,更让每个团队懂得了团结协作的重要性,经过中午简单的休息,教练们又通过有趣的热身活动激发了同学们的斗志,接着开始的,超音速,里小小的扑克牌让同学们手足无措,从一片混乱到任务的规划和方法的创新,同学们在一步步地成长,挑战,中的,不倒森林,一圈到底,鼓动人心,最棒宣言,更是让活动达到了高潮,活动的最后,学生会主席王若思进行总结,她希望学生干部们能够不浮躁不骄傲,踏踏实实实现组织目标,打造最棒经管,本次学生干部素质拓展活动促使同学们在实践活动中更加懂得了,团队,领导,目标,协作,的重要性,团队是成功的奠基石,领导是成功的风向标,目标是成功的先锋队,协作是成功的必需品,相信学生干部们能够将学习到的方法和经验运用到接下来的学习和工作中,凝聚团队力量,放飞青春梦想,为经管学院的发展贡献力量",2017/12/3,凝聚团队力量，放飞青春梦想――经济管理学院开展学生干部素质拓展活动
"为了加强十三五女性人力资源开发与管理研究基地建设,进一步推动对女性人力资源开发管理方面的研究,月,日下午,经济管理学院邀请了中国妇女研究会副会长,福建江夏学院原副校长,厦门大学博士生导师叶文振教授讲授关于女性人力资源开发与管理方面的研究方法和新理念,张可成院长带领经管学院全体教职工在博雅楼,会议室参加了研讨会,女子学院科研处处长刘中文也出席了本次研讨会,该研讨重点是如何通过开展女性人力资源方面的科研活动加强基地建设,叶教授在讲话中指出,在科研方面,应当重视和热爱科研,应把科研与生活紧密结合,营造开放式的科研网络,鼓励各位教师多参加学术会议,与此同时,在科研过程中,应当形成完善的学术科研团队,用课题来推动科研团队的意识,针对于女性人力资源管理方面,应该建立一个完整体系的资料库,此外,叶教授在教学过程中就提出了建议,高校教师应当树立起科研量化意识,多学科意识和规范意识,在前人的理论基础上构建理论视角,张可成院长针对叶教授的讲话,提出了关于建设山东女性人力资源开发与管理研究基地的对策与意见,并且提醒教师应当树立起做科研的常态意识,这次研讨会,教师们对女性人力资源管理在科研中的应用有了深刻认识,并为教师开展科研工作提供了良好的交流平台,开拓了教师做科研的新思路和科研常态意识,对我院进一步提高科研水平的建设具有巨大的指导作用",2017/10/15,厦门大学叶文振教授来我院指导十三五女性人力资源基地建设
"由中国连锁经营协会,简称协会,组织的,校企合作优秀案例,推选评审活动于,月底圆满结束,本年度校企合作优秀案例评选活动面向协会会员企业和本科等开设连锁经营管理专业,方向,的院校,根据,关于开展,校企合作优秀案例推选活动的通知,中连协函,号,精神和相关要求,协会组织评委会对申办材料进行了认真核验和筛选,共有,所院校和,家企业的参评案例入围参选,最终,步步高商业连锁股份有限公司等,家企业,山东女子学院等,所院校参评的,个案例分别获得校企合作优秀案例一,二,三等奖,本次,家参评单位的优秀案例,将在,月,日于成都召开的,年人力资源高峰论坛,进行宣传展示,并在主会场举办一,二,三等奖颁奖式,部分获奖案例将在,月,日下去进行专题分享,请各会员企业,相关院校派员到场领奖和交流,我校经济管理学院的,校企行业协会三方交融,立体化打包式培养连锁经营管理人才,荣获二等奖,经济管理学院一直致力于探索符合经管类应用型人才的培养模式,历年来与百强连锁经营企业和中国连锁经营协会纵深合作,构建了,立体化打包式,连锁经营管理人才培养模式,该模式的人才培养定位是为大中型连锁经营企业,零售,餐饮,酒店三种业态,门店,区域及总部职能管理部门输送储备管理干部,人才培养方式以,连锁经营管理学院,和,经管类高水平应用型本科培育专业群,为平台,以,立体化培养,和,打包式管理团队输出,为轴线,以,课堂教学,企业俱乐部,订单班,顶岗实习,就业,五步走战略为统领,以,校企联合培养储备干部订单班,为载体的校企深度合作模式,达到了校企师资互养共育,学生实习就业无缝过渡,社会行业企业反响较好的预期效果",2017/6/5,我校荣获CCFA“2017校企合作优秀案例”二等奖
"山东省第三十次社会科学优秀成果奖已于,年,月,日鲁社科奖字,号公布,我院张务伟博士的论文,农村劳动力就业状况的微观影响因素及其作用机理,基于入户调查数据的实证分析,荣获二等奖,本次评选共申报成果,项,经过客观赋分,专家评选和省评选委员会会议审定,共评出,项优秀成果,其中获特等奖并一等奖,项,一等奖,项,二等奖,项,三等奖,项,我院张务伟博士的,农村劳动力就业状况的微观影响因素及其作用机理,基于入户调查数据的实证分析,一文,针对农村劳动力就业状况的三个假说,利用山东省,位农村劳动力样本数据,探索个人因素,家庭因素和人力资本因素与农村劳动力就业状况之间的结构关系以及这些影响因素的作用机理,认为对农村劳动力就业状况影响最大的是人力资本因素,其次是个人因素,最后是家庭因素,个人因素和家庭因素通过直接和间接,即通过人力资本中间变量,两条路径影响农村劳动力就业状况,个人因素与家庭因素之间也存在相互作用,提高农村劳动力的人力资本水平是改善农村劳动力就业状况的关键,该文受到专家和评委的一致好评,最终荣获山东省第三十次社会科学优秀成果二等奖,这是我校升本以来该奖项获得的最高奖励",2016/11/3,我院张务伟博士荣获山东省第三十次社会科学优秀成果二等奖
"月,日上午,由中国连锁经营协会主办,山东女子学院经济管理学院承办,恒欣连锁教育基金协办的第三届,中国零售新星大赛,华东一区初赛在山东女子学院拉开帷幕,山东女子学院党委书记郭翠芬,校长范素华分别出席闭幕式,开幕式,大赛评委,参赛学生,指导老师,志愿者共计,多人参加了开幕式,来自山东,安徽和江苏省,所高校的,支队伍参加了比赛,范素华在开幕式致辞中简要介绍了学校基本情况和近年来取得的成绩,并希望全体同仁能够携起手来,凝聚共识,形成合力,共同将连锁经营管理事业做实,做深,做好,为推动经济社会发展做出新的贡献,祝愿参赛选手能够取得优异成绩,全部赛程分为基础知识,沙盘对抗,超级巡店三个比赛部分,先从,支队伍中决出区域一,二,三等奖,然后每所高校抽出最高分的队伍,加上各自的协会相关评分项目得分,得出获得晋级决赛资格的高校,经过,日一天的角逐,山东女子学院,安徽城市管理职业学院等,所高校获得晋级决赛的资格,将参加,月份参加在苏州举行的全国大赛,郭翠芬在闭幕式讲话中对获得晋级决赛资格的高校表示祝贺,指出,大赛充分展示了各高校师生积极向上的精神面貌,表现出很高的专业技术水平,很好地诠释了,三百六十行,行行出状元,的理念,对于助推连锁经营相关专业高校培养企业实际所需的各类人才,有针对性的培养连锁企业亟需的各类高级管理人才,不断壮大连锁业新生力量都具有重要的意义,经过一天的角逐和综合评定,全体参赛队员努力拼搏,赛出了水平,赛出了风格,大赛获得了圆满成功,本次零售新星大赛在我校举办,体现了我校紧跟行业企业最新发展动态,注重理论与实践结合的办学理念,进一步促进了校企深度合作,工学结合和产教融合,对于提升学生专业技能和综合素质,培养高水平的应用型连锁经营管理人才具有积极意义",2016/9/25,第三届中国零售新星大赛(华东一区)初赛在学校成功举办
"月,日,山东女子学院连锁管理学院在北大博雅国际酒店大学堂第四会议室为酒店举办首期培训班,本次培训的主题为,优秀员工的修炼与突破,主讲人员为连锁管理学院张宝辉教授,来自北大博雅国际酒店的,余名业务骨干和基层管理人员参加了此次培训,培训开始前,北大博雅国际酒店培训部主任林承华对我院人员进行了简短介绍,并对山东女子学院为酒店举办培训班表示感谢,随后,张教授对酒店参训人员进行了培训,培训内容深刻独到,旁征博引,通俗易懂,生动有趣,发人深省,在整个培训过程中,参训人员无一不认真聆听,积极思考,专心记录,培训结束后,参训人员表示此次培训使他们深受启发,对他们今后的工作将起到极大帮助",2016/8/29,连锁管理学院为北京北大博雅国际酒店举办首期培训班
"月,日,日,连锁管理学院分别在北京文津国际酒店四楼会议室和北京西郊宾馆,号楼第六会议室举办首期培训班,连锁管理学院李仕超副教授分别为北京文津国际酒店,余名优秀员工和北京西郊宾馆,余名管理人员进行了授课,李仕超老师的授课观点精辟,通俗易懂,富有逻辑,案例贴近企业实际,引人思考,在整个培训过程中,参训人员表现出了极大的学习兴趣,培训结束后,参训人员表示此次培训增强了他们的团队意识,使他们对团队角色认知和团队领导力有了更加深入地了解,为他们在今后的工作中奠定了坚实的理论基础,北京文津国际酒店人力资源总监肖安莎和北京西郊宾馆人事部经理孙晓云对此次培训的效果表示了肯定,并向连锁管理学院表示了感谢",2016/8/4,连锁管理学院为北京文津国际酒店和北京西郊宾馆举办培训班
"月,日下午,连锁管理学院如家酒店集团,职场压力管理,培训班在济南市高新区如家精选酒店会议室举行,培训班由连锁管理学院董振华副教授主讲,来自如家酒店集团的,余名店长参加了此次培训,在培训开始之前,主持人首先对本次培训班的举办进行了简要介绍,并对连锁管理学院为如家酒店集团举办培训班表示了感谢,随后,董振华老师声情并茂地对各位店长进行了培训,培训内容丰富,通俗易懂,发人深省,案例贴近企业实际,充分重视店长们的参与和体验,极大地调动了店长们参与到培训中的积极性,在将近两个小时的培训里,店长们兴致高昂,认真记录,认真思考,积极互动,培训现场气氛活跃,授课结束后,店长们纷纷表示,此次培训不仅使他们对压力管理有了更加深入地了解,也为他们在实际工作中提供了很多行之有效的压力管理方法",2016/7/22,连锁管理学院为如家酒店集团举办“职场压力管理”培训班
"月,日,连锁管理学院家家悦集团高级师资培训班在山东女子学院博雅楼,会议室如期举行,培训班主讲人员为来自荷兰的家家悦集团人力资源发展专家何曼先生,家家悦集团人力资源高级顾问丛凯松和连锁管理学院,余名教师参与了此次培训,在培训开始之前,张可成院长代表连锁管理学院对何曼先生的到来表示了欢迎,对此次培训班的举办表示了感谢,随后,何曼先生为我院老师带来了非常有价值的分享,在一天半的时间里,何曼先生对家家悦集团的现状进行了全面的系统描述和分析,根据他多年来的一些发现,通过有趣的故事和亲身经历,分享了自己在管理中独到的见解和行之有效的举措,何曼先生的分享无一不体现出其丰富的职业经验和极高的管理水平,我院老师均表示受益匪浅,最后,何曼先生准备了,个主题让我院老师进行思索,以此为核心来帮助家家悦集团开发区总,店长,培训课程体系和培训内容,为即将在我校进行的家家悦门店管理者的系统培训奠定坚实的理论基础,培训结束后,双方进行了合影留念,此次培训班的成功举办,表明了连锁管理学院对师资建设的高度重视,标志着我院与家家悦集团的合作更加深入,为日后双方的全方位合作铺垫了道路",2016/7/8,连锁管理学院家家悦集团高级师资培训班成功举办
"月,日,山东女子学院连锁管理学院分别在北邮科技酒店四楼第八会议室和北京乾元酒店,层培训室举办首期优秀员工培训班,培训开始前,两家酒店均举行了隆重而简短的开班仪式,双方相关负责人及参训人员参加了开班仪式,北邮科技酒店总经理王正恒和北京乾元酒店人力资源总监王静娟均向山东女子学院连锁管理学院为酒店举办培训班表示了感谢,随后,双方负责人与参训人员合影留念,开班仪式后,山东女子学院连锁管理学院张宝辉教授分别为北邮科技酒店,名优秀员工和北京乾元酒店,名优秀员工进行了首次授课,张宝辉教授的授课深入浅出,观点精辟,案例鲜活生动,语言幽默风趣,极大地调动了参训人员的学习兴趣,使他们深受启发和鼓舞,培训过程中,参训人员积极参与各项互动,并认真思考,踊跃提问,现场气氛活跃,培训结束后,参训人员均表示受益良多,并真切期待下次培训的到来,北邮科技酒店王正恒总经理和北京乾元酒店王静娟总监也对此次培训的效果给予了高度评价,并再次表示了对连锁管理学院的感谢,两次培训的圆满成功,提高了连锁管理学院的知名度,增加了连锁管理学院的美誉度,标志着连锁管理学院校企合作进入了一个新的发展阶段",2016/6/25,连锁管理学院为北邮科技酒店和北京乾元酒店举办优秀员工培训班
"月,日上午,点,山东管理学院劳动关系学院副院长洪芳等一行四人来我院参观走访,张务伟老师等四位教师出席了座谈会,会上,张务伟首先向山东管理学院的教师简单介绍了连锁管理学院的概况,提出我院依托连锁行业培养女性管理人才的人才培养目标,并对我院中央财政项目新采购的实验教学软件进行了介绍,双方针对学生实验实训课程设置,学生实习,实验室建设等方面展开了讨论,最后,我院教师演示了新采购的一些专业软件,并带领山东管理学院教师参观了我院的实验室,经过座谈,双方初步达成了实验室对外开放共用的合作意向",2016/6/9,山东管理学院一行四人来经管院参观走访
"月,日上午,山东女子学院连锁管理学院百胜餐饮集团经理培训班在百盛济南区营运部会议室如期举行,培训班主讲人员为连锁管理学院李仕超副教授,来自百盛旗下必胜客门店的,多位经理参与了此次培训,在培训班开班之前,双方先进行了简短的开班仪式,随后,李老师声情并茂地向各位经理进行了以,团队领导力,为主题的培训,培训生动有趣,层次分明,案例切中肯綮,在将近两个小时的培训里,李仕超老师引经据典,旁征博引,极大地激起了与会者的听课热情,培训过程中还穿插了相关能力测试,每一位经理都积极参与其中,期间,各位经理无一不认真聆听,积极互动,培训取得了十分理想的效果,培训结束之后,李老师又与各位经理进行了问答环节,经理们纷纷表示,培训不仅仅使他们在领导和管理层面受益匪浅,也给他们未来的个人发展指明了崭新的道路,众位经理意犹未尽,均期望多举办此类培训活动,会后,李仕超老师与各位经理亲切合影,此次培训班的成功举办,标志着我院与百胜餐饮集团的校企合作更加深入,丰富了办学思路,扩大了我院的社会影响",2016/6/8,连锁管理学院为百盛餐饮集团举办首期经理培训班
"在第,个世界环境日即将到来之际,月,日,由校团委主办,经济管理学院,绿之源,协会承办的山东省生态文明宣传教育,十进,活动巡展车走进美丽女院,此次活动邀请校党委副书记宿建沛,副校长贺兴利,后勤管理处处长刘明,校团委副书记王鲁,省环保厅宣教中心副主任王逊,长清区环保局局长孟宪德,济华燃气公司董事长范杰民出席,经济管理学院部分师生参加,活动在激昂的鼓声中拉开帷幕,校党委副书记宿建沛发表讲话,她指出,我校高度重视建设节约型校园,建设生态绿色校园,在环保工作方面做了许多卓有成效的工作,尤其是经济管理学院张丰智老师指导的调研山东项目污水调查和绿之源协会在国家级以及省级,第四届大学生绿植领养活动,中取得优异成绩,呼吁更多的同学加入到建设绿色校园的队伍中来,用自己的实际行动,创建绿色女大,建设美丽中国,随后,大家共同欣赏了精彩的节目表演,活动期间穿插环保知识有奖问答环节,极大调动了同学们的积极性,此次活动,给同学们上了一堂生动的环保教育课,增强了同学们的环保意识,激发了同学们践行绿色环保理念的自觉性,推动我校生态绿色校园建设有序开展",2016/5/20,环保大篷车走进美丽女院
"为贯彻落实习总书记系列讲话精神,积极培育和践行社会主义核心价值观,不断加强爱国主义教育,月,日,山东女子学院在济南革命遗址,一门三英烈,纪念碑广场举行缅怀革命先烈暨爱国主义教育基地揭牌仪式,参加活动的有校党委副书记宿建沛,经济管理学院党总支书记缪文卿,副书记齐振花,校团委书记王鲁,济南市长清区崮云湖街道党工委副书记,办事处主任赵国,副书记,关工委主任孟刚,关工委常务主任井兴远,长清区关工委副秘书长刘洪玉,以及部分五老志愿者,部门负责人和学生代表,上午九点,揭牌仪式正式开始,全体人员肃立,向烈士默哀三分钟,深切缅怀革命烈士,崮云湖街道关工委井兴远主任向大家介绍革命烈士事迹,宣扬烈士精神,山东女子学院领导和崮云湖街道共同为,山东女子学院爱国主义教育基地,揭牌,长清区崮云湖街道党工委孟刚书记对山东女子学院爱国主义教育基地建成给予高度赞扬,表示今后将大力支持基地建设和发展,山东女子学院校团委王书记,经济管理学院缪书记分别致辞,最后,校党委副书记宿建沛发表讲话,她指出,实施爱国主义教育,建设爱国主义教育基地,对于动员和鼓舞青年学生积极投身社会主义现代化建设,实现中国梦,具有十分重要的现实意义和深远的历史意义,此次学校和长清区崮云湖街道共建爱国主义教育基地,是双方积极合作,共同发展的重要里程碑,下一步学校将积极推进爱国主义教育基地建设,不断引导学生增强爱国主义情感,树立远大志向,早日成长为爱国守法,诚信明礼,勤奋自强的社会主义合格接班人,仪式结束后,各位领导和师生一同瞻仰了烈士纪念碑,一门三英烈,纪念碑是为纪念在抗战时期英勇就义的三兄弟而设立的,被济南市党史委定为,济南革命遗址,将其确定为爱国主义教育基地,丰富了我校爱国主义教育内容,对于迎评促建工作将起到了积极的推动作用",2016/4/16,山东女子学院缅怀革命先烈暨爱国主义教育基地揭牌仪式举行
